date_label,volume_index_2019,volume_index_7d,city_median_15min_volume,trusted_intersection_count,context_note,traffic_status
2018-10-01,104.25810131579901,,598.4,65.0,,Observed
2018-10-02,104.15939151146826,,600.5416666666667,66.0,,Observed
2018-10-03,105.19943138655348,,610.6443452395833,66.0,,Observed
2018-10-04,102.39913852900828,104.20874641363363,602.5815972239584,66.0,,Observed
2018-10-05,106.20396210143859,104.25810131579901,524.1354166666667,66.0,,Observed
2018-10-06,105.61700355657801,104.72876635117625,600.1458333333334,65.0,,Observed
2018-10-07,104.82080402557416,104.82080402557416,592.7395833333334,63.0,,Observed
2018-10-08,104.1324788889851,104.82080402557416,597.6789772760417,66.0,,Observed
2018-10-09,105.52196556537884,105.19943138655348,608.39772728125,62.0,,Observed
2018-10-10,106.06017101992839,105.52196556537884,615.640625,62.0,,Observed
2018-10-11,104.87689838120103,105.52196556537884,617.1623106041666,66.0,,Observed
2018-10-12,109.33892341699422,105.52196556537884,539.6070075833334,66.0,,Observed
2018-10-13,107.04688627213552,105.52196556537884,608.2708333333334,65.0,,Observed
2018-10-14,105.8118518185861,105.8118518185861,598.34375,67.0,,Observed
2018-10-15,102.4094911544311,105.8118518185861,587.7897135416667,68.0,,Observed
2018-10-16,104.35451421810876,105.8118518185861,601.6666666666666,67.0,,Observed
2018-10-17,104.72233936598802,104.87689838120103,607.875,65.0,,Observed
2018-10-18,98.46439792892863,104.72233936598802,579.4270833333334,65.0,,Observed
2018-10-19,104.01305817908047,104.35451421810876,513.3229166666666,67.0,,Observed
2018-10-20,102.64633055585882,104.01305817908047,583.265625,68.0,,Observed
2018-10-21,104.97738220848497,104.01305817908047,593.625,68.0,,Observed
2018-10-22,102.79888050663949,104.01305817908047,590.0246534208777,68.0,,Observed
2018-10-23,100.74113076180306,102.79888050663949,580.8333333333334,69.0,,Observed
2018-10-24,102.91344022826583,102.79888050663949,597.375,67.0,,Observed
2018-10-25,99.8743195999469,102.79888050663949,587.7239583333333,68.0,,Observed
2018-10-26,101.24900396629639,102.64633055585882,499.6818181818182,69.0,,Observed
2018-10-27,102.41443291032289,102.41443291032289,581.9479166666666,69.0,,Observed
2018-10-28,103.15571646104073,102.41443291032289,583.3238636354166,67.0,,Observed
2018-10-29,105.751995677567,102.41443291032289,606.9743589687499,67.0,Arbaeen (estimated),Observed
2018-10-30,80.67601242893747,102.41443291032289,465.1458333333333,67.0,,Observed
2018-10-31,,101.83171843830964,,,,Missing / insufficient coverage
2018-11-01,109.40520829787542,102.7850746856818,595.3552224361703,66.0,,Observed
2018-11-02,101.67881790450642,102.7850746856818,489.5729166666667,67.0,,Observed
2018-11-03,112.82730702900338,104.45385606930387,572.1754807708334,67.0,,Observed
2018-11-04,110.60855028879597,107.57860198772121,606.5208333333334,65.0,,Observed
2018-11-05,111.11573071755528,110.00687929333569,608.2845643906251,68.0,,Observed
2018-11-06,108.56935309474707,110.00687929333569,595.4180819175824,68.0,Demise of Prophet Muhammad and Hasan ibn Ali (estimated),Observed
2018-11-07,94.11404778082363,109.40520829787542,468.49188701562497,68.0,,Observed
2018-11-08,87.20204055263373,108.56935309474707,474.53125,69.0,Martyrdom of Ali al-Rida (estimated),Observed
2018-11-09,102.12930958505505,108.56935309474707,491.7419871822917,68.0,,Observed
2018-11-10,118.368089131953,108.56935309474707,600.2741720104167,69.0,,Observed
2018-11-11,106.22892584798225,106.22892584798225,582.5052083333334,68.0,,Observed
2018-11-12,109.21823079463844,106.22892584798225,597.8970170416667,68.0,,Observed
2018-11-13,109.00215580690808,106.22892584798225,597.7916666666666,69.0,,Observed
2018-11-14,121.49255803967523,109.00215580690808,604.7798295416667,68.0,,Observed
2018-11-15,111.82249315141915,109.21823079463844,608.5094696979166,69.0,,Observed
2018-11-16,107.76977495294548,109.21823079463844,518.9002403802083,68.0,Martyrdom of Hasan al-Askari (estimated),Observed
2018-11-17,115.82198297910686,109.21823079463844,587.3622311827957,68.0,,Observed
2018-11-18,109.30422692414402,109.30422692414402,599.3685897500001,69.0,,Observed
2018-11-19,108.40646219101721,109.30422692414402,593.453125,68.0,,Observed
2018-11-20,108.89579000351388,109.30422692414402,597.2083333333334,67.0,,Observed
2018-11-21,121.72033624550096,109.30422692414402,605.91369046875,67.0,,Observed
2018-11-22,111.4123994716768,109.30422692414402,606.2778445520834,68.0,,Observed
2018-11-23,108.8062220106873,109.30422692414402,523.890625,68.0,,Observed
2018-11-24,117.77028533809876,109.30422692414402,597.2425595208333,69.0,,Observed
2018-11-25,92.23331402074518,108.89579000351388,505.7604166666666,68.0,Birthday of Muhammad and Ja'far al-Sadiq (estimated),Observed
2018-11-26,110.19986925621708,110.19986925621708,603.2708333333334,67.0,,Observed
2018-11-27,108.77232969600273,110.19986925621708,596.53125,69.0,,Observed
2018-11-28,121.46837635389637,110.19986925621708,604.659455125,69.0,,Observed
2018-11-29,110.557665893005,110.19986925621708,601.6266025520833,69.0,,Observed
2018-11-30,107.49626809164269,110.19986925621708,517.5833333333334,69.0,,Observed
2018-12-01,112.7340197324016,110.19986925621708,592.9339712842105,69.0,,Observed
2018-12-02,113.45368594705697,110.557665893005,595.1118551614584,62.0,,Observed
2018-12-03,115.30103821859007,112.7340197324016,601.0520833333334,67.0,,Observed
2018-12-04,114.53354310713098,113.45368594705697,593.2244318125,67.0,,Observed
2018-12-05,113.18869650785486,113.18869650785486,594.13421475,70.0,,Observed
2018-12-06,115.81308845216495,113.45368594705697,605.1622596145833,70.0,,Observed
2018-12-07,114.19364100952454,114.19364100952454,524.2231570520833,70.0,,Observed
2018-12-08,111.29174378614437,114.19364100952454,585.3482007552084,70.0,,Observed
2018-12-09,111.3360148472873,114.19364100952454,584.0037878802083,70.0,,Observed
2018-12-10,112.83585136982903,113.18869650785486,588.20132575,69.0,,Observed
2018-12-11,113.47860844718913,113.18869650785486,587.7604166666667,70.0,,Observed
2018-12-12,112.10040341536629,112.83585136982903,588.4216994382023,70.0,,Observed
2018-12-13,111.81299269655383,112.10040341536629,584.2604166666666,69.0,,Observed
2018-12-14,111.91563469687601,111.91563469687601,513.765625,70.0,,Observed
2018-12-15,110.48824016081755,111.91563469687601,581.1221064791666,70.0,,Observed
2018-12-16,109.79625069505124,111.91563469687601,575.9270833333334,70.0,,Observed
2018-12-17,110.80193524355089,111.81299269655383,577.5987367021277,70.0,,Observed
2018-12-18,113.89089227052406,111.81299269655383,589.8958333333334,69.0,,Observed
2018-12-19,114.18712015759317,111.81299269655383,599.375,69.0,,Observed
2018-12-20,111.75327854508419,111.75327854508419,583.9483901822916,70.0,,Observed
2018-12-21,107.75907172752594,110.80193524355089,494.684294875,70.0,,Observed
2018-12-22,111.27406321793553,111.27406321793553,585.2552083333334,70.0,,Observed
2018-12-23,110.92358769163557,111.27406321793553,581.8404356041667,70.0,,Observed
2018-12-24,111.42043621480326,111.42043621480326,580.8229166666666,69.0,,Observed
2018-12-25,110.17028215750146,111.27406321793553,570.625,69.0,,Observed
2018-12-26,111.90649880357103,111.27406321793553,587.4038825729167,70.0,,Observed
2018-12-27,111.85485603600772,111.27406321793553,584.4791666666667,70.0,,Observed
2018-12-28,109.39352511047701,111.27406321793553,502.1875,69.0,,Observed
2018-12-29,107.92869591816527,110.92358769163557,567.6599702395833,70.0,,Observed
2018-12-30,107.52400054412583,110.17028215750146,564.0081845208333,70.0,,Observed
2018-12-31,108.0422831364683,109.39352511047701,563.2129629583334,69.0,,Observed
2019-01-01,98.70591881822264,108.0422831364683,565.8157894736842,68.0,,Observed
2019-01-02,100.0,107.92869591816527,574.796875,68.0,,Observed
2019-01-03,94.2741830708173,107.52400054412583,554.2634548645833,68.0,,Observed
2019-01-04,98.92514778486488,100.0,490.4375,69.0,,Observed
2019-01-05,98.96724611549173,98.96724611549173,564.3181818229167,69.0,,Observed
2019-01-06,98.74184134461727,98.92514778486488,560.46875,69.0,,Observed
2019-01-07,98.62248703076695,98.74184134461727,559.7395833333334,69.0,,Observed
2019-01-08,98.99791024706322,98.92514778486488,567.4895833333334,69.0,,Observed
2019-01-09,95.73853082157646,98.74184134461727,550.3020833333334,69.0,,Observed
2019-01-10,100.37206994915044,98.92514778486488,590.1145833333334,69.0,,Observed
2019-01-11,100.07956566452975,98.96724611549173,496.1607142840909,69.0,,Observed
2019-01-12,99.7810122342107,98.99791024706322,568.9583333333334,69.0,,Observed
2019-01-13,101.54315966825668,99.7810122342107,576.3693181666666,69.0,,Observed
2019-01-14,98.69223029878907,99.7810122342107,560.1354166666666,69.0,,Observed
2019-01-15,100.0,100.0,573.2339015208333,68.0,,Observed
2019-01-16,98.1442719801379,100.0,564.1302083333333,68.0,,Observed
2019-01-17,100.0,100.0,587.9270833333334,69.0,,Observed
2019-01-18,99.92043433547026,99.92043433547026,495.3717948541666,69.0,,Observed
2019-01-19,100.21898776578927,100.0,571.455700546875,68.0,,Observed
2019-01-20,99.03680476788762,99.92043433547026,562.1429924375,68.0,,Observed
2019-01-21,102.14045936617715,100.0,579.7061084990027,68.0,,Observed
2019-01-22,101.33388949638135,100.0,580.8802083229167,68.0,,Observed
2019-01-23,101.37186143655822,100.21898776578927,582.6822916666667,68.0,,Observed
2019-01-24,97.28784175865061,100.21898776578927,571.9815704895833,69.0,,Observed
2019-01-25,103.5034982589998,101.33388949638135,513.1354166666666,69.0,,Observed
2019-01-26,101.86074747761482,101.37186143655822,580.817129625,67.0,,Observed
2019-01-27,100.96319523211237,101.37186143655822,573.0773809479166,69.0,,Observed
2019-01-28,101.30776970121093,101.33388949638135,574.9801136458333,69.0,,Observed
2019-01-29,102.3286533630734,101.37186143655822,586.582532046875,68.0,,Observed
2019-01-30,103.51678024573897,101.86074747761482,595.011217953125,68.0,,Observed
2019-01-31,101.01344767101928,101.86074747761482,593.8854166666666,69.0,,Observed
2019-02-01,105.63394576161456,101.86074747761482,555.5052631578948,69.0,,Observed
2019-02-02,100.07224321781258,101.30776970121093,577.5,69.0,,Observed
2019-02-03,99.14833567026298,101.30776970121093,572.6875,69.0,,Observed
2019-02-04,99.44171184432558,101.01344767101928,577.03125,69.0,,Observed
2019-02-05,98.78936994944188,100.07224321781258,573.3749999895833,69.0,,Observed
2019-02-06,100.74987214115319,100.07224321781258,593.9502314791666,69.0,,Observed
2019-02-07,100.17456887732926,100.07224321781258,586.625,69.0,,Observed
2019-02-08,97.28182551984033,99.44171184432558,511.5833333333333,69.0,Martyrdom of Fatima (estimated),Observed
2019-02-09,81.97418853458309,99.14833567026298,473.0591856093751,68.0,,Observed
2019-02-10,97.81839659063755,98.78936994944188,565.005681828125,68.0,,Observed
2019-02-11,81.72651317272826,97.81839659063755,474.2351190416667,69.0,Islamic Revolution Day,Observed
2019-02-12,99.13053267623442,97.81839659063755,575.3551136250001,68.0,,Observed
2019-02-13,98.15937797031484,97.81839659063755,578.6785037864584,68.0,,Observed
2019-02-14,102.82497209537067,97.81839659063755,602.1458333333333,70.0,,Observed
2019-02-15,98.59213517087011,98.15937797031484,518.4739583333334,70.0,,Observed
2019-02-16,99.92775678218742,98.59213517087011,576.666193203125,70.0,,Observed
2019-02-17,101.49612876767915,99.13053267623442,586.2485118958334,70.0,,Observed
2019-02-18,100.55828815567445,99.92775678218742,583.5104166666666,70.0,,Observed
2019-02-19,100.86946732376556,100.55828815567445,585.4479166666666,70.0,,Observed
2019-02-20,99.51732932069913,100.55828815567445,586.68402778125,70.0,,Observed
2019-02-21,99.81315025345309,99.92775678218742,584.5085227083334,70.0,,Observed
2019-02-22,101.40786482912986,100.55828815567445,533.28125,69.0,,Observed
2019-02-23,102.13090832224829,100.86946732376556,589.3802083333333,70.0,,Observed
2019-02-24,100.85166432973702,100.85166432973702,582.5260416666667,70.0,,Observed
2019-02-25,102.47190607833987,100.86946732376556,594.6145833333334,69.0,,Observed
2019-02-26,103.03212248674863,101.40786482912986,598.0,69.0,,Observed
2019-02-27,100.48267067930087,101.40786482912986,592.375,69.0,,Observed
2019-02-28,99.82543112267072,101.40786482912986,584.5804398125,68.0,,Observed
2019-03-01,101.95198700705477,101.95198700705477,528.621052631579,70.0,,Observed
2019-03-02,101.26469311894436,101.26469311894436,583.46875,69.0,,Observed
2019-03-03,101.25554938756032,101.26469311894436,580.5625,69.0,,Observed
2019-03-04,97.52354867082772,101.25554938756032,554.6979166666667,60.0,,Observed
2019-03-05,97.6746715420775,100.48267067930087,561.28125,59.0,,Observed
2019-03-06,102.51217520564539,101.25554938756032,587.3181818020834,67.0,,Observed
2019-03-07,103.3586636034712,101.26469311894436,578.7708333333333,68.0,,Observed
2019-03-08,100.0,101.25554938756032,518.5,68.0,,Observed
2019-03-09,100.0,100.0,576.1818181927083,68.0,,Observed
2019-03-10,100.0,100.0,573.363636375,69.0,,Observed
2019-03-11,102.4764513291723,100.0,582.86921296875,69.0,,Observed
2019-03-12,102.3253284579225,102.3253284579225,588.0059523802083,70.0,,Observed
2019-03-13,104.03479690455184,102.3253284579225,596.0416666562501,70.0,,Observed
2019-03-14,105.96249248928036,102.3253284579225,593.35132578125,70.0,,Observed
2019-03-15,104.84181633719061,102.4764513291723,543.6048177083333,70.0,,Observed
2019-03-16,102.12634805427174,102.4764513291723,588.4334490729166,70.0,,Observed
2019-03-17,101.65619980530768,102.4764513291723,582.8596838043478,69.0,,Observed
2019-03-18,104.30682763906738,104.03479690455184,593.28009259375,70.0,,Observed
2019-03-19,104.51858747859019,104.30682763906738,600.609375,70.0,,Observed
2019-03-20,97.4878247943546,104.30682763906738,558.53240740625,70.0,Birthday of Ali (estimated); Iranian Oil Industry Nationalization Day,Observed
2019-03-21,85.59793614818673,102.12634805427174,479.3172348489583,70.0,Persian New Year,Observed
2019-03-22,97.04978302796529,101.65619980530768,503.203125,70.0,Persian New Year,Observed
2019-03-23,89.08874710324544,97.4878247943546,513.3131628645833,70.0,Persian New Year,Observed
2019-03-24,90.4480306224146,97.04978302796529,518.59611740625,70.0,Persian New Year,Observed
2019-03-25,90.81478338299728,90.81478338299728,516.5395623072917,70.0,,Observed
2019-03-26,87.44187973659102,90.4480306224146,502.4791666666666,68.0,,Observed
2019-03-27,93.59417727777557,90.4480306224146,536.2247159010417,66.0,,Observed
2019-03-28,96.6413363965288,90.81478338299728,541.15625,70.0,,Observed
2019-03-29,96.37074091931855,90.81478338299728,499.6822916666667,70.0,,Observed
2019-03-30,95.25711317796187,93.59417727777557,548.8541666666666,69.0,,Observed
2019-03-31,94.717014162279,94.717014162279,543.0729166666666,69.0,,Observed
2019-04-01,83.95413152294715,94.717014162279,480.8210526315789,69.0,Islamic Republic Day,Observed
2019-04-02,68.25444211618228,94.717014162279,392.359375,69.0,Nature's Day,Observed
2019-04-03,80.39603603927956,94.717014162279,465.2125,69.0,Isra' and Mi'raj (estimated),Observed
2019-04-04,90.23901005754259,90.23901005754259,517.5625,68.0,,Observed
2019-04-05,99.50452616186514,90.23901005754259,495.7916666666667,69.0,,Observed
2019-04-06,99.23792720365836,90.23901005754259,574.1741071458333,69.0,,Observed
2019-04-07,99.56185130414478,90.23901005754259,566.3072916666667,70.0,,Observed
2019-04-08,100.0,99.23792720365836,572.71875,69.0,,Observed
2019-04-09,99.14374066301257,99.23792720365836,569.9259259270833,67.0,,Observed
2019-04-10,101.24972281617626,99.50452616186514,585.8825757604167,68.0,,Observed
2019-04-11,100.23711315231319,99.56185130414478,574.90625,69.0,,Observed
2019-04-12,100.49547383813486,100.0,500.7291666875,69.0,,Observed
2019-04-13,100.41948725334869,100.23711315231319,581.0104166666667,68.0,,Observed
2019-04-14,102.71411500647837,100.41948725334869,584.2373511875,68.0,,Observed
2019-04-15,101.54714603408449,100.49547383813486,581.5795454270833,67.0,,Observed
2019-04-16,100.56213610412613,100.56213610412613,578.0795454062501,67.0,,Observed
2019-04-17,100.6219565980504,100.56213610412613,582.25,67.0,,Observed
2019-04-18,101.63838308172268,100.6219565980504,582.94318178125,67.0,,Observed
2019-04-19,104.64741914359024,101.54714603408449,521.4166666666666,67.0,,Observed
2019-04-20,101.35828252556531,101.54714603408449,586.4421296458333,67.0,Birthday of Mahdi (estimated),Observed
2019-04-21,88.11138225154403,101.35828252556531,501.1770833333333,67.0,,Observed
2019-04-22,103.1081444371692,101.35828252556531,590.51967596875,67.0,,Observed
2019-04-23,100.0,101.35828252556531,574.8481165989583,68.0,,Observed
2019-04-24,99.37804340194957,101.35828252556531,575.0520833333334,67.0,,Observed
2019-04-25,99.76288684768684,100.0,572.18634259375,67.0,,Observed
2019-04-26,97.35329165853379,99.76288684768684,485.0729166666667,67.0,,Observed
2019-04-27,99.5805127466513,99.5805127466513,576.15625,65.0,,Observed
2019-04-28,100.43814869585519,99.76288684768684,571.2916666666666,65.0,,Observed
2019-04-29,99.37614812389735,99.5805127466513,569.1458333333334,65.0,,Observed
2019-04-30,100.41058092846143,99.5805127466513,577.2083333333334,65.0,,Observed
2019-05-01,100.0,99.76288684768684,578.1052631578947,67.0,,Observed
2019-05-02,99.39143365555987,99.5805127466513,561.7239583333334,66.0,,Observed
2019-05-03,104.14985837696335,100.0,505.60416664583335,67.0,,Observed
2019-05-04,99.5978386483631,100.0,573.1354166666666,67.0,,Observed
2019-05-05,100.55896387184731,100.0,576.25,67.0,,Observed
2019-05-06,99.92746176681008,100.0,563.5568181875,67.0,,Observed
2019-05-07,89.95136186490839,99.92746176681008,512.7948717948718,61.0,,Observed
2019-05-08,98.748068480798,99.5978386483631,570.8677811542553,66.0,,Observed
2019-05-09,99.8770970758015,99.8770970758015,564.46875,67.0,,Observed
2019-05-10,101.02995451034245,99.8770970758015,490.4583333333333,67.0,,Observed
2019-05-11,99.86815865717712,99.8770970758015,574.6909722187501,67.0,,Observed
2019-05-12,98.73522251488298,99.86815865717712,565.7991071458333,67.0,,Observed
2019-05-13,100.0725382331899,99.86815865717712,564.375,68.0,,Observed
2019-05-14,99.91439499130672,99.8770970758015,569.5921474427083,68.0,,Observed
2019-05-15,99.04179236725957,99.8770970758015,572.5658144010416,68.0,,Observed
2019-05-16,100.0,99.91439499130672,565.1633522864583,68.0,,Observed
2019-05-17,97.2676495257918,99.86815865717712,472.1939102604167,68.0,,Observed
2019-05-18,100.87210384166605,99.91439499130672,580.468171296875,68.0,,Observed
2019-05-19,99.44103612815269,99.91439499130672,569.84375,67.0,,Observed
2019-05-20,101.75550734608248,99.91439499130672,573.8663720572916,68.0,,Observed
2019-05-21,100.08560500869328,100.0,570.5681817916667,67.0,,Observed
2019-05-22,101.4858470517723,100.08560500869328,586.6950231666667,68.0,,Observed
2019-05-23,101.06691799658105,100.87210384166605,571.1931818020834,67.0,,Observed
2019-05-24,98.65668512681316,100.87210384166605,478.93709933854166,68.0,,Observed
2019-05-25,100.13184134282285,100.13184134282285,576.2083333177084,68.0,,Observed
2019-05-26,101.15519200181777,101.06691799658105,579.6666666666666,65.0,Martyrdom of Ali (estimated),Observed
2019-05-27,83.1776203843554,100.13184134282285,469.0934229631782,66.0,,Observed
2019-05-28,103.93742093673535,101.06691799658105,592.526620375,65.0,,Observed
2019-05-29,100.32144293214374,100.32144293214374,579.9635416666667,64.0,,Observed
2019-05-30,103.70694313305476,100.32144293214374,586.1136363645834,67.0,,Observed
2019-05-31,100.0,100.32144293214374,485.4583333333333,67.0,,Observed
2019-06-01,100.0,100.32144293214374,589.4467836736842,67.0,,Observed
2019-06-02,100.0,100.0,580.7337962916666,67.0,,Observed
2019-06-03,100.05116001957181,100.05116001957181,590.7696759322916,66.0,,Observed
2019-06-04,80.84976998418291,100.0,465.3153409114583,66.0,Death of Khomeini; Eid al-Fitr (estimated),Observed
2019-06-05,79.07051316060712,100.0,463.9519231041666,65.0,Eid al-Fitr (estimated); Khordad National Uprising,Observed
2019-06-06,80.12967200748383,100.0,462.0807291666666,64.0,,Observed
2019-06-07,92.00022180728243,92.00022180728243,448.3020833333333,65.0,,Observed
2019-06-08,98.91210578057303,92.00022180728243,583.0342261874999,65.0,,Observed
2019-06-09,97.89627985086632,92.00022180728243,568.51678240625,66.0,,Observed
2019-06-10,94.9626982689711,92.00022180728243,560.7239583333333,66.0,,Observed
2019-06-11,99.11396710526499,94.9626982689711,570.4314236354166,65.0,,Observed
2019-06-12,99.6840398880426,97.89627985086632,584.9032738020834,67.0,,Observed
2019-06-13,101.5327784541765,98.91210578057303,585.5052083333333,66.0,,Observed
2019-06-14,103.01369066730466,99.11396710526499,501.9689217135417,66.0,,Observed
2019-06-15,100.7356393402399,99.6840398880426,593.7829861041666,66.0,,Observed
2019-06-16,99.69138263072895,99.69138263072895,578.9415509270834,66.0,,Observed
2019-06-17,100.33244211542547,100.33244211542547,592.4305555520833,67.0,,Observed
2019-06-18,102.58076755676767,100.7356393402399,590.3839285625,67.0,,Observed
2019-06-19,100.31596011195738,100.7356393402399,588.6111111666667,67.0,,Observed
2019-06-20,99.31892022202274,100.33244211542547,572.73863634375,67.0,,Observed
2019-06-21,101.38472755196655,100.33244211542547,494.03125,67.0,,Observed
2019-06-22,103.1452921596418,100.33244211542547,607.9866071458333,64.0,,Observed
2019-06-23,100.84503561397295,100.84503561397295,585.6412036927084,64.0,,Observed
2019-06-24,99.94883998042819,100.84503561397295,590.1655092604167,65.0,,Observed
2019-06-25,100.886032894735,100.84503561397295,580.6302083333334,66.0,,Observed
2019-06-26,101.26692604858688,100.886032894735,594.1909721979167,65.0,,Observed
2019-06-27,100.68107977797727,100.886032894735,580.59375,65.0,,Observed
2019-06-28,98.61527244803345,100.84503561397295,480.53614674479167,66.0,Martyrdom of Ja'far al-Sadiq (estimated),Observed
2019-06-29,78.66213105960163,100.68107977797727,463.6714015,67.0,,Observed
2019-06-30,100.62191831017289,100.62191831017289,584.3454861041666,66.0,,Observed
2019-07-01,99.44849565883196,100.62191831017289,575.9311004842106,66.0,,Observed
2019-07-02,97.95281134309506,99.44849565883196,573.493303578125,66.0,,Observed
2019-07-03,100.41410851637957,99.44849565883196,583.8181818125,67.0,,Observed
2019-07-04,103.40398211325223,99.44849565883196,591.3451704218751,66.0,,Observed
2019-07-05,100.37727505792942,100.37727505792942,491.19981064062506,66.0,,Observed
2019-07-06,100.14130810031382,100.37727505792942,590.6600378854166,66.0,,Observed
2019-07-07,100.50878876786683,100.37727505792942,579.1666666666666,67.0,,Observed
2019-07-08,100.1320869576948,100.37727505792942,579.88994859375,66.0,,Observed
2019-07-09,100.58560092694731,100.41410851637957,588.90773809375,65.0,,Observed
2019-07-10,97.80632425448536,100.37727505792942,568.65625,65.0,,Observed
2019-07-11,99.43474298707976,100.14130810031382,568.6459441489362,66.0,,Observed
2019-07-12,101.0442224382405,100.14130810031382,494.4635416666666,66.0,,Observed
2019-07-13,99.85869189968618,100.1320869576948,588.9930924566377,66.0,,Observed
2019-07-14,101.37911993989444,100.1320869576948,584.1818181770833,65.0,,Observed
2019-07-15,101.06032808115691,100.58560092694731,585.265625,64.0,,Observed
2019-07-16,100.0,100.0,585.4791666666666,65.0,,Observed
2019-07-17,101.08133022975997,101.0442224382405,587.6974789882353,67.0,,Observed
2019-07-18,99.32561208338981,101.0442224382405,568.021847943723,66.0,,Observed
2019-07-19,98.12853350134027,100.0,480.19551284375,65.0,,Observed
2019-07-20,98.12206403965286,100.0,578.75,65.0,,Observed
2019-07-21,99.29491014093118,99.32561208338981,572.171875,66.0,,Observed
2019-07-22,100.0,99.32561208338981,579.125,67.0,,Observed
2019-07-23,100.23627909920648,99.32561208338981,586.8625315677083,66.0,,Observed
2019-07-24,100.0,99.32561208338981,581.4105113697917,64.0,,Observed
2019-07-25,100.56525701292024,100.0,575.1111111145833,63.0,,Observed
2019-07-26,99.62272494207058,100.0,487.50739247311833,64.0,,Observed
2019-07-27,100.23642537040841,100.0,591.2210648125,65.0,,Observed
2019-07-28,99.49121123213318,100.0,573.3030302954545,65.0,,Observed
2019-07-29,99.44820170875603,100.0,575.9293981458334,64.0,,Observed
2019-07-30,98.17793276251648,99.62272494207058,574.8113425885417,64.0,,Observed
2019-07-31,99.7149966987804,99.62272494207058,579.7534722187501,65.0,,Observed
2019-08-01,100.0,99.62272494207058,567.1263157894737,65.0,,Observed
2019-08-02,97.92063295351794,99.49121123213318,475.0128204479167,67.0,,Observed
2019-08-03,99.52850645317656,99.49121123213318,578.1041666666666,67.0,,Observed
2019-08-04,98.93617038551271,99.44820170875603,571.7083333333334,66.0,,Observed
2019-08-05,100.07660328832596,99.52850645317656,578.0568181770833,67.0,,Observed
2019-08-06,100.77000939917576,99.7149966987804,580.7291666666666,67.0,,Observed
2019-08-07,100.97513656935583,100.0,589.96875,67.0,,Observed
2019-08-08,100.1856132314887,100.07660328832596,568.1789772708333,67.0,,Observed
2019-08-09,99.07110327912658,100.07660328832596,480.59375,67.0,,Observed
2019-08-10,100.0,100.07660328832596,580.842803,67.0,,Observed
2019-08-11,102.19624735042414,100.1856132314887,590.546875,68.0,Eid al-Adha (estimated),Observed
2019-08-12,82.6009580236961,100.1856132314887,477.11498396875,68.0,,Observed
2019-08-13,101.149591497361,100.1856132314887,582.9166666666666,67.0,,Observed
2019-08-14,98.89155505677243,100.0,577.7949810677084,68.0,,Observed
2019-08-15,99.58132398715092,99.58132398715092,564.7518939427084,68.0,,Observed
2019-08-16,101.78454040927616,100.0,493.7566288072917,68.0,,Observed
2019-08-17,99.40786148863012,99.58132398715092,577.4034090729167,68.0,,Observed
2019-08-18,100.49960285749681,99.58132398715092,580.742717516129,67.0,,Observed
2019-08-19,101.58161816099684,100.49960285749681,586.75,67.0,Eid al-Ghadeer (estimated),Observed
2019-08-20,86.56981529715857,99.58132398715092,498.89463140625,68.0,,Observed
2019-08-21,100.82537737533379,100.49960285749681,589.09375,68.0,,Observed
2019-08-22,98.8297611534916,100.49960285749681,560.4895833333334,67.0,,Observed
2019-08-23,101.93992860328966,100.49960285749681,494.5104166666666,68.0,,Observed
2019-08-24,101.42605605881545,100.82537737533379,589.125946984375,68.0,,Observed
2019-08-25,99.50039714250318,100.82537737533379,574.96875,67.0,,Observed
2019-08-26,99.92339671167403,99.92339671167403,577.1718750104167,65.0,,Observed
2019-08-27,99.22999060082424,99.92339671167403,571.8541666666666,67.0,,Observed
2019-08-28,99.17462262466623,99.50039714250318,579.4488636458333,67.0,,Observed
2019-08-29,100.32712612041472,99.92339671167403,568.9815341041667,66.0,,Observed
2019-08-30,100.0,99.92339671167403,485.0998263802084,66.0,,Observed
2019-08-31,100.71066404131722,99.92339671167403,584.9706439375,66.0,,Observed
2019-09-01,101.32324382729028,100.0,582.8725146210527,66.0,,Observed
2019-09-02,101.16631606829068,100.32712612041472,569.7244318333333,66.0,,Observed
2019-09-03,101.53238786936699,100.71066404131722,574.640625,66.0,,Observed
2019-09-04,101.28707654173311,101.16631606829068,580.6770833333334,67.0,,Observed
2019-09-05,102.88623881630437,101.28707654173311,575.046875,67.0,,Observed
2019-09-06,103.43018589887684,101.32324382729028,502.0833333333333,67.0,,Observed
2019-09-07,104.44218453202907,101.53238786936699,603.5662202395833,66.0,,Observed
2019-09-08,102.92771993390676,102.88623881630437,592.1024305572917,66.0,Tasua (estimated),Observed
2019-09-09,79.3814623679781,102.88623881630437,447.0416666666667,67.0,Ashura (estimated),Observed
2019-09-10,76.41593408830242,102.88623881630437,432.4895833333333,67.0,,Observed
2019-09-11,100.545752167726,102.88623881630437,576.4270833333334,67.0,,Observed
2019-09-12,98.4779431870994,100.545752167726,550.4082386302083,68.0,,Observed
2019-09-13,99.55221418563369,99.55221418563369,483.25841343750005,68.0,,Observed
2019-09-14,100.80739379288595,99.55221418563369,582.5609442812499,68.0,,Observed
2019-09-15,97.62366078225442,98.4779431870994,561.5902777812499,69.0,,Observed
2019-09-16,99.58337495677264,99.55221418563369,560.81000003,69.0,,Observed
2019-09-17,100.6098764791683,99.58337495677264,569.4195075520834,69.0,,Observed
2019-09-18,98.32720864421303,99.55221418563369,563.7082111290323,68.0,,Observed
2019-09-19,100.697797150441,99.58337495677264,562.8153408750001,67.0,,Observed
2019-09-20,100.41518532790296,100.41518532790296,487.44755245833335,68.0,,Observed
2019-09-21,97.85693982151578,99.58337495677264,565.5104166666666,69.0,,Observed
2019-09-22,95.06382978723406,99.58337495677264,546.8645833333334,69.0,,Observed
2019-09-23,100.0,100.0,563.15625,69.0,,Observed
2019-09-24,99.39012352083171,99.39012352083171,562.51609853125,69.0,,Observed
2019-09-25,99.45424783227402,99.45424783227402,570.1695075833334,69.0,,Observed
2019-09-26,99.30220284955901,99.39012352083171,555.0151515520834,69.0,,Observed
2019-09-27,99.58481467209704,99.39012352083171,483.4166666666667,69.0,,Observed
2019-09-28,99.19260620711403,99.39012352083171,573.2291666666666,69.0,,Observed
2019-09-29,100.0,99.45424783227402,575.2604166666666,69.0,,Observed
2019-09-30,100.91559846845347,99.45424783227402,568.3125,69.0,,Observed
2019-10-01,100.34829892667963,99.58481467209704,578.5684210526316,68.0,,Observed
2019-10-02,100.0,100.0,580.4635416666667,68.0,,Observed
2019-10-03,100.0,100.0,588.4635416666666,68.0,,Observed
2019-10-04,100.84472546033665,100.0,497.6866319479167,68.0,,Observed
2019-10-05,100.19261515230275,100.19261515230275,569.3229166666666,68.0,,Observed
2019-10-06,100.83634979456144,100.34829892667963,570.2083333333334,69.0,,Observed
2019-10-07,100.92798506648904,100.34829892667963,579.2864583333333,68.0,,Observed
2019-10-08,99.26235358230996,100.19261515230275,572.3072916666667,68.0,,Observed
2019-10-09,99.29977720361077,100.19261515230275,576.3990036231885,68.0,,Observed
2019-10-10,99.0644775855202,100.19261515230275,582.9583333333333,68.0,,Observed
2019-10-11,98.45835201756307,99.29977720361077,485.90945514583336,68.0,,Observed
2019-10-12,99.80738484769726,99.29977720361077,567.1339285833334,67.0,,Observed
2019-10-13,100.61706416210475,99.29977720361077,568.9683192385965,66.0,,Observed
2019-10-14,99.39493325539972,99.29977720361077,570.4873511927083,66.0,,Observed
2019-10-15,100.44251042953742,99.39493325539972,579.1116071458333,67.0,,Observed
2019-10-16,99.44099991924556,99.44099991924556,577.21875,68.0,,Observed
2019-10-17,95.76945527370893,99.44099991924556,563.5683283385417,68.0,,Observed
2019-10-18,99.15527453966335,99.44099991924556,489.348891578125,66.0,,Observed
2019-10-19,80.57999308281843,99.39493325539972,457.8784236458333,66.0,Arbaeen (estimated),Observed
2019-10-20,99.38293583789522,99.38293583789522,561.9895833333334,67.0,,Observed
2019-10-21,99.46065769847601,99.38293583789522,570.8645833333333,66.0,,Observed
2019-10-22,100.0,99.38293583789522,576.560267828125,68.0,,Observed
2019-10-23,101.96412708952076,99.38293583789522,591.8645833333334,67.0,,Observed
2019-10-24,102.47377970527062,99.46065769847601,603.0208333333334,67.0,,Observed
2019-10-25,102.19944142167127,100.0,504.3723958385417,68.0,,Observed
2019-10-26,102.91122548841457,101.96412708952076,584.770833296875,68.0,,Observed
2019-10-27,82.73289751005183,101.96412708952076,467.8371212083333,68.0,Demise of Prophet Muhammad and Hasan ibn Ali (estimated),Observed
2019-10-28,100.53934230152399,101.96412708952076,577.0558035677084,66.0,Martyrdom of Ali al-Rida (estimated),Observed
2019-10-29,83.08184830143901,101.96412708952076,479.0169270833333,67.0,,Observed
2019-10-30,100.07154764101496,100.53934230152399,580.8788496376811,68.0,,Observed
2019-10-31,100.59565429039253,100.53934230152399,591.96875,67.0,,Observed
2019-11-01,104.25978409017155,100.53934230152399,502.0,67.0,,Observed
2019-11-02,112.74648755237861,100.53934230152399,571.765625,68.0,,Observed
2019-11-03,103.56372823771912,100.59565429039253,567.890625,68.0,,Observed
2019-11-04,105.24112250617905,103.56372823771912,576.125,68.0,,Observed
2019-11-05,106.71658607177793,104.25978409017155,585.2571022708333,68.0,Martyrdom of Hasan al-Askari (estimated),Observed
2019-11-06,94.85644931782036,104.25978409017155,472.1875,68.0,,Observed
2019-11-07,104.85396936299728,104.85396936299728,570.5885416666666,68.0,,Observed
2019-11-08,100.66958007918136,104.85396936299728,484.7135416666667,68.0,,Observed
2019-11-09,112.55545969928518,104.85396936299728,570.796875,68.0,,Observed
2019-11-10,106.18428426292081,105.24112250617905,582.2604166666666,69.0,,Observed
2019-11-11,103.93687588154815,104.85396936299728,568.9851190416667,69.0,,Observed
2019-11-12,105.79598659031122,104.85396936299728,580.2083333333334,68.0,,Observed
2019-11-13,115.02364610362433,105.79598659031122,572.578125,68.0,,Observed
2019-11-14,106.37816264123315,106.18428426292081,578.8828125,67.0,Birthday of Muhammad and Ja'far al-Sadiq (estimated),Observed
2019-11-15,100.0,106.18428426292081,481.48958333333337,68.0,Fuel-price protests and road disruptions,Observed
2019-11-16,81.85132692465696,105.79598659031122,415.0885416666666,48.0,Fuel-price protests and road disruptions,Observed
2019-11-17,71.43974103731381,103.93687588154815,391.7390758122807,42.0,Fuel-price protests and road disruptions,Observed
2019-11-18,78.44717984435944,100.0,429.44602272916666,40.0,Fuel-price protests and road disruptions,Observed
2019-11-19,87.70240367721779,87.70240367721779,480.9791666666667,41.0,Fuel-price protests and road disruptions,Observed
2019-11-20,97.02854273039256,87.70240367721779,483.0,39.0,Fuel-price protests and road disruptions,Observed
2019-11-21,88.34927251359362,87.70240367721779,480.7741935483871,41.0,Fuel-price protests and road disruptions,Observed
2019-11-22,94.85429331717972,87.70240367721779,456.7135416666666,44.0,,Observed
2019-11-23,100.0,88.34927251359362,507.125,43.0,,Observed
2019-11-24,96.43627176228088,94.85429331717972,528.8072916614583,44.0,,Observed
2019-11-25,96.06312411845188,96.06312411845188,525.8815761822916,44.0,,Observed
2019-11-26,94.20401340968878,96.06312411845188,516.6354166666666,45.0,,Observed
2019-11-27,102.97145726960743,96.06312411845188,512.5833333333334,45.0,,Observed
2019-11-28,95.14603063700272,96.06312411845188,517.7604166666666,45.0,,Observed
2019-11-29,92.55132726132011,96.06312411845188,445.625,46.0,,Observed
2019-11-30,99.68983649659025,96.06312411845188,505.5520833333333,45.0,,Observed
2019-12-01,96.74210150047453,96.06312411845188,507.4526315789474,44.0,,Observed
2019-12-02,98.8014858265882,96.74210150047453,515.0416666666666,44.0,,Observed
2019-12-03,99.65402795155813,98.8014858265882,516.15625,44.0,,Observed
2019-12-04,100.88513429703795,98.8014858265882,529.5520833333334,45.0,,Observed
2019-12-05,99.67461774728899,99.65402795155813,520.8333333333334,45.0,,Observed
2019-12-06,97.38769351206314,99.65402795155813,447.0729166666667,45.0,,Observed
2019-12-07,98.23734452982652,98.8014858265882,516.6875,45.0,,Observed
2019-12-08,98.6694733497498,98.8014858265882,517.5625,45.0,,Observed
2019-12-09,100.27219801751873,99.65402795155813,522.7083333333333,44.0,,Observed
2019-12-10,100.34597204844187,99.67461774728899,519.7401620364583,44.0,,Observed
2019-12-11,99.11486570296206,99.11486570296206,520.2598379635417,44.0,,Observed
2019-12-12,101.38005045694511,99.11486570296206,529.7447916666667,44.0,,Observed
2019-12-13,103.5573884876986,100.27219801751873,475.3958333333333,41.0,,Observed
2019-12-14,100.80507803216352,100.34597204844187,530.1927083333333,42.0,,Observed
2019-12-15,100.37334180633887,100.37334180633887,526.5,43.0,,Observed
2019-12-16,97.55257941445292,100.37334180633887,508.53125,43.0,,Observed
2019-12-17,100.4242948019839,100.4242948019839,520.1458333333334,43.0,,Observed
2019-12-18,101.7126634785763,100.80507803216352,533.8958333333334,41.0,,Observed
2019-12-19,100.325382252711,100.4242948019839,524.2337963020833,43.0,,Observed
2019-12-20,99.62049228220853,100.37334180633887,457.3229166666667,45.0,,Observed
2019-12-21,99.19492196783649,100.325382252711,521.7239583333333,44.0,,Observed
2019-12-22,100.0,100.0,524.5416666666666,43.0,,Observed
2019-12-23,100.0,100.0,521.2893939375,45.0,,Observed
2019-12-24,98.18958240279805,100.0,508.5711805520833,48.0,,Observed
2019-12-25,97.13049350214455,99.62049228220853,509.84375,47.0,,Observed
2019-12-26,98.04637749314988,99.19492196783649,512.3252314895833,47.0,,Observed
2019-12-27,100.37950771779148,99.19492196783649,460.8072916666667,48.0,,Observed
2019-12-28,100.87160522260953,100.0,530.5426136354166,47.0,,Observed
2019-12-29,100.59575820160458,100.0,527.6666666666666,48.0,,Observed
2019-12-30,101.18604428549905,100.37950771779148,527.4721170052084,48.0,,Observed
2019-12-31,,100.48763295969803,,,,Missing / insufficient coverage
2020-01-01,93.16975533404965,100.48763295969803,535.5368421052632,47.0,,Observed
2020-01-02,90.75406176361155,100.48763295969803,533.5677083333333,46.0,,Observed
2020-01-03,90.35318980903732,96.88275676782712,447.940625,47.0,,Observed
2020-01-04,90.32794792805093,91.96190854883059,515.05629734375,47.0,,Observed
2020-01-05,91.5297688178965,91.14191529075401,519.5322916666667,45.0,,Observed
2020-01-06,91.57168734817434,91.14191529075401,519.7222222291667,45.0,,Observed
2020-01-07,90.37195932741005,90.75406176361155,518.0427083333333,47.0,,Observed
2020-01-08,89.81204744811167,90.37195932741005,516.2368421052631,46.0,,Observed
2020-01-09,88.40204815648198,90.35318980903732,519.7395833333334,45.0,,Observed
2020-01-10,87.17145684759514,90.32794792805093,432.1666666666667,45.0,,Observed
2020-01-11,90.78208754974125,90.37195932741005,517.6458333333334,45.0,,Observed
2020-01-12,87.81972133287118,89.81204744811167,498.4736842105263,43.0,,Observed
2020-01-13,91.17550952158405,89.81204744811167,517.4736842105264,43.0,,Observed
2020-01-14,88.60003138670059,88.60003138670059,507.8854166666667,43.0,,Observed
2020-01-15,92.6202795081596,88.60003138670059,532.3784722291667,43.0,,Observed
2020-01-16,89.61535859747347,89.61535859747347,526.8729640208334,44.0,,Observed
2020-01-17,94.21316578702414,90.78208754974125,467.07708333333335,44.0,,Observed
2020-01-18,91.5791492351287,91.17550952158405,522.1907349927536,44.0,,Observed
2020-01-19,92.02741948951478,91.5791492351287,522.3570075729167,43.0,,Observed
2020-01-20,93.44680240386153,92.02741948951478,530.3645833333334,43.0,,Observed
2020-01-21,94.0756771029852,92.6202795081596,539.2736742395833,45.0,,Observed
2020-01-22,94.0804939363031,93.44680240386153,540.7717391304348,45.0,,Observed
2020-01-23,91.11609709962616,93.44680240386153,535.696212125,45.0,,Observed
2020-01-24,92.7110718200856,92.7110718200856,459.63020833333337,48.0,,Observed
2020-01-25,96.11823432264731,93.44680240386153,548.0729166666666,47.0,,Observed
2020-01-26,94.53764866334632,94.0756771029852,536.6053240729167,49.0,,Observed
2020-01-27,93.88157993434557,94.0756771029852,532.83219696875,49.0,,Observed
2020-01-28,94.06246128083725,94.06246128083725,539.1979166666666,49.0,Martyrdom of Fatima (estimated),Observed
2020-01-29,75.58912640287211,93.88157993434557,434.4839364035088,48.0,,Observed
2020-01-30,89.75439446058714,93.88157993434557,527.6903935156249,48.0,,Observed
2020-01-31,93.30215016175102,93.88157993434557,462.5605752893773,48.0,,Observed
2020-02-01,92.72768386822914,93.30215016175102,535.1157894736842,49.0,,Observed
2020-02-02,93.66397643112519,93.30215016175102,541.0094696979166,49.0,,Observed
2020-02-03,89.71207991231657,92.72768386822914,520.5730337078652,49.0,,Observed
2020-02-04,93.07852453330123,92.72768386822914,540.2291666666666,49.0,,Observed
2020-02-05,91.74335701995251,92.72768386822914,540.8541666666666,49.0,,Observed
2020-02-06,91.85870643146103,92.72768386822914,537.9270833333333,48.0,,Observed
2020-02-07,90.98910385120111,91.85870643146103,478.4913193854167,49.0,,Observed
2020-02-08,93.30148231755979,91.85870643146103,538.4270833333333,48.0,,Observed
2020-02-09,92.07703201338137,91.85870643146103,531.8431712916667,46.0,,Observed
2020-02-10,91.93174882418413,91.93174882418413,533.453125,46.0,,Observed
2020-02-11,74.80633182431315,91.85870643146103,434.1770833333333,47.0,Islamic Revolution Day,Observed
2020-02-12,89.80606163993235,91.85870643146103,529.4332386302083,46.0,,Observed
2020-02-13,87.89150146594945,90.98910385120111,514.6950231510416,46.0,,Observed
2020-02-14,90.83327968623877,90.83327968623877,477.671875,46.0,,Observed
2020-02-15,93.14885489935313,90.83327968623877,537.5462963020833,47.0,,Observed
2020-02-16,92.11360133092278,90.83327968623877,532.0543981458334,48.0,,Observed
2020-02-17,92.23063942842784,90.83327968623877,535.1875,47.0,,Observed
2020-02-18,92.74662683210825,92.11360133092278,538.3028273802083,48.0,,Observed
2020-02-19,92.11176520797801,92.11360133092278,543.0260416666666,48.0,First confirmed COVID-19 cases reported in Iran,Observed
2020-02-20,89.90005647619878,92.11360133092278,526.457175921875,48.0,,Observed
2020-02-21,87.70408592877976,92.11360133092278,461.2161458385417,48.0,,Observed
2020-02-22,90.04750602303568,92.11176520797801,519.6489361702128,47.0,,Observed
2020-02-23,86.82918471963606,90.04750602303568,501.53125,47.0,,Observed
2020-02-24,88.34775428140597,89.90005647619878,512.65625,46.0,,Observed
2020-02-25,84.93401903154424,88.34775428140597,492.9583333333333,47.0,,Observed
2020-02-26,84.30535157306967,87.70408592877976,497.00492931250005,46.0,,Observed
2020-02-27,82.86690222528696,86.82918471963606,485.2708333333333,47.0,,Observed
2020-02-28,74.5895997266474,84.93401903154424,392.25,47.0,,Observed
2020-02-29,83.57455723531194,84.30535157306967,482.29464286458335,48.0,,Observed
2020-03-01,82.41918813068398,83.57455723531194,472.5616541368421,48.0,,Observed
2020-03-02,81.00611685471856,82.86690222528696,460.7494791666667,48.0,,Observed
2020-03-03,80.83252192034197,82.41918813068398,464.4989148958334,48.0,,Observed
2020-03-04,82.16409921555588,82.16409921555588,470.7389074895833,48.0,,Observed
2020-03-05,83.13320249737242,82.16409921555588,465.51562500520834,48.0,,Observed
2020-03-06,71.30946640951461,82.16409921555588,369.7395833333333,47.0,,Observed
2020-03-07,81.77292295760626,81.77292295760626,471.1607142864583,48.0,,Observed
2020-03-08,63.91558981956723,81.00611685471856,366.46875,48.0,Birthday of Ali (estimated),Observed
2020-03-09,82.33031591856438,81.77292295760626,468.2813058072917,48.0,,Observed
2020-03-10,77.20168600081911,81.77292295760626,443.6345486145834,48.0,,Observed
2020-03-11,77.99469663993959,77.99469663993959,446.8513455,48.0,,Observed
2020-03-12,79.22390780835806,77.99469663993959,443.6250000104167,47.0,,Observed
2020-03-13,64.95499839279975,77.99469663993959,336.7916666666667,47.0,,Observed
2020-03-14,78.02742934491144,77.99469663993959,449.5798610885416,46.0,,Observed
2020-03-15,73.67418862022672,77.99469663993959,422.4210069427084,46.0,,Observed
2020-03-16,77.6264663910879,77.6264663910879,441.52658278125,46.0,,Observed
2020-03-17,78.19756293049018,77.99469663993959,449.3572916666667,46.0,,Observed
2020-03-18,77.47519688525406,77.6264663910879,443.875,47.0,,Observed
2020-03-19,70.04548287183877,77.47519688525406,392.2291666666667,47.0,Iranian Oil Industry Nationalization Day,Observed
2020-03-20,56.200779492124724,77.47519688525406,291.4010416666667,46.0,Persian New Year,Observed
2020-03-21,53.72569868342074,73.67418862022672,309.55770751086953,47.0,Persian New Year,Observed
2020-03-22,53.684161937706605,70.04548287183877,307.8054630434783,46.0,Isra' and Mi'raj (estimated); Persian New Year,Observed
2020-03-23,54.955460794463924,56.200779492124724,312.57762896875,46.0,Persian New Year,Observed
2020-03-24,61.73391596404925,56.200779492124724,354.7499978514852,46.0,,Observed
2020-03-25,61.45225046467419,56.200779492124724,352.07548701562496,46.0,,Observed
2020-03-26,58.35387348506693,56.200779492124724,326.7604166666667,47.0,,Observed
2020-03-27,51.06499339440694,54.955460794463924,264.77199075,47.0,,Observed
2020-03-28,53.63131552208773,54.955460794463924,309.0138888958333,47.0,,Observed
2020-03-29,52.72743531322219,54.955460794463924,302.31994047916663,47.0,,Observed
2020-03-30,54.17445856851054,54.17445856851054,308.1354166666667,47.0,,Observed
2020-03-31,20.36735273076987,53.63131552208773,117.039689199187,46.0,Islamic Republic Day,Observed
2020-04-01,15.610414231299256,52.72743531322219,90.32982455789474,47.0,Nature's Day,Observed
2020-04-02,50.440410654502486,51.06499339440694,289.2991071458333,47.0,,Observed
2020-04-03,57.17182698017745,52.72743531322219,284.8645833333333,47.0,,Observed
2020-04-04,64.44697640069133,52.72743531322219,372.8794642916666,46.0,,Observed
2020-04-05,68.09034470444418,54.17445856851054,387.2975260416666,46.0,,Observed
2020-04-06,65.4827511840454,57.17182698017745,375.031994046875,46.0,,Observed
2020-04-07,65.57512992198136,64.44697640069133,376.9573993138298,48.0,,Observed
2020-04-08,55.40544189521246,64.44697640069133,320.6041666666667,49.0,Birthday of Mahdi (estimated),Observed
2020-04-09,38.614587752612664,64.44697640069133,221.47253788541664,49.0,,Observed
2020-04-10,49.626826666744144,64.44697640069133,247.2708333333333,49.0,,Observed
2020-04-11,72.46867348408469,65.4827511840454,419.2916666666667,49.0,,Observed
2020-04-12,79.69086938407372,65.4827511840454,453.28125,49.0,,Observed
2020-04-13,81.87853324603046,65.57512992198136,468.933712125,49.0,,Observed
2020-04-14,80.67348341397356,72.46867348408469,463.75,51.0,,Observed
2020-04-15,81.32526165144183,79.69086938407372,470.5894736842105,51.0,,Observed
2020-04-16,78.85697334638412,79.69086938407372,452.28125,51.0,,Observed
2020-04-17,71.72140572258229,79.69086938407372,357.359375,50.0,,Observed
2020-04-18,85.66104606798214,80.67348341397356,495.62053570833336,49.0,,Observed
2020-04-19,86.44717546540149,81.32526165144183,491.71108380149815,50.0,,Observed
2020-04-20,89.37044113148178,81.32526165144183,511.8412733177083,50.0,,Observed
2020-04-21,89.35512445071376,85.66104606798214,513.6562499895833,51.0,,Observed
2020-04-22,89.40105088073014,86.44717546540149,517.3201121822917,52.0,,Observed
2020-04-23,86.02545888953753,86.44717546540149,493.3958333333333,51.0,,Observed
2020-04-24,79.25247989648338,86.44717546540149,394.88373655913983,50.0,,Observed
2020-04-25,88.90045111820676,88.90045111820676,514.3631934280913,50.0,,Observed
2020-04-26,88.06509923220963,88.90045111820676,500.9138257604166,51.0,,Observed
2020-04-27,91.4239795220167,88.90045111820676,523.60227271875,51.0,,Observed
2020-04-28,88.61730236343692,88.61730236343692,509.4148936170213,51.0,,Observed
2020-04-29,88.44388112078197,88.44388112078197,511.7814393958333,52.0,,Observed
2020-04-30,86.65930775058658,88.44388112078197,497.03125,53.0,,Observed
2020-05-01,84.53432955833925,88.44388112078197,410.37894736842105,53.0,,Observed
2020-05-02,96.17311991627606,88.44388112078197,553.4278846145834,53.0,,Observed
2020-05-03,94.31856396273575,88.61730236343692,540.4895833333334,53.0,,Observed
2020-05-04,93.66977976539084,88.61730236343692,528.265625,50.0,,Observed
2020-05-05,96.81360847619234,93.66977976539084,551.9151785729167,53.0,,Observed
2020-05-06,92.82118687788298,93.66977976539084,536.6041666666666,53.0,,Observed
2020-05-07,94.13523630006917,94.13523630006917,532.01785715625,53.0,,Observed
2020-05-08,88.06754784996997,94.13523630006917,427.53125,52.0,,Observed
2020-05-09,96.12074952878099,94.13523630006917,553.1265194015896,52.0,,Observed
2020-05-10,93.2369915928198,93.66977976539084,534.2916666666666,51.0,,Observed
2020-05-11,94.83081128576622,94.13523630006917,534.81344696875,51.0,,Observed
2020-05-12,92.98217155522575,93.2369915928198,530.0729166666666,51.0,,Observed
2020-05-13,88.72374969652829,93.2369915928198,512.9166666666666,49.0,,Observed
2020-05-14,89.10050508502762,92.98217155522575,503.5634014427084,48.0,Martyrdom of Ali (estimated),Observed
2020-05-15,86.11748413870055,92.98217155522575,418.06450320833335,50.0,,Observed
2020-05-16,94.06593274135672,92.98217155522575,541.3020833333334,49.0,,Observed
2020-05-17,93.35151102022267,92.98217155522575,534.9479166666666,51.0,,Observed
2020-05-18,93.41977189460376,92.98217155522575,526.8556658387097,50.0,,Observed
2020-05-19,94.36289177907103,93.35151102022267,537.9441287916667,50.0,,Observed
2020-05-20,92.30601777500229,93.35151102022267,533.62594696875,51.0,,Observed
2020-05-21,91.17985129111386,93.35151102022267,515.3151041666666,51.0,,Observed
2020-05-22,89.0046504012531,93.35151102022267,432.0804924270833,51.0,,Observed
2020-05-23,95.08440506645756,93.35151102022267,547.1628787916667,53.0,,Observed
2020-05-24,72.50715746057715,92.30601777500229,415.49999997916666,53.0,Eid al-Fitr (estimated),Observed
2020-05-25,76.76703447189765,91.17985129111386,432.93990384375,53.0,Eid al-Fitr (estimated),Observed
2020-05-26,94.38897131118091,91.17985129111386,538.09280303125,53.0,,Observed
2020-05-27,97.13943422819558,91.17985129111386,561.568181875,53.0,,Observed
2020-05-28,95.61210597736077,94.38897131118091,540.3645833333334,53.0,,Observed
2020-05-29,,94.73668818881924,,,,Missing / insufficient coverage
2020-05-30,99.98691186044103,95.00053864427085,575.3743371145833,52.0,,Observed
2020-05-31,97.79496395182913,96.37577010277818,560.4109848333334,53.0,,Observed
2020-06-01,96.70285892803395,96.92114657811476,570.9990430842106,53.0,,Observed
2020-06-02,97.50827165265592,97.32385294042575,561.1901514947917,52.0,,Observed
2020-06-03,73.9508500892621,97.10556529034494,433.9119318020833,53.0,Death of Khomeini,Observed
2020-06-04,76.21504531103321,97.10556529034494,439.50640041935486,53.0,Khordad National Uprising,Observed
2020-06-05,87.40630316370019,96.70285892803395,425.9166666666667,53.0,,Observed
2020-06-06,94.29712139264801,94.29712139264801,555.8313491458333,53.0,,Observed
2020-06-07,96.12309835454127,94.29712139264801,558.2193181875,53.0,,Observed
2020-06-08,94.23793132834487,94.23793132834487,556.4444444270833,53.0,,Observed
2020-06-09,95.78711054583361,94.23793132834487,551.2843389322916,52.0,,Observed
2020-06-10,94.7331669326977,94.29712139264801,555.8536706458334,53.0,,Observed
2020-06-11,93.98178368477183,94.29712139264801,541.96117425,53.0,,Observed
2020-06-12,91.83233006872248,94.29712139264801,447.4839742604167,53.0,,Observed
2020-06-13,97.58418132204383,94.7331669326977,575.2068181770834,53.0,,Observed
2020-06-14,98.28882100310743,94.7331669326977,570.7964015416667,53.0,,Observed
2020-06-15,99.19877305724748,95.78711054583361,585.73660715625,53.0,,Observed
2020-06-16,101.02345779068033,97.58418132204383,581.4211309583333,53.0,,Observed
2020-06-17,74.13198596892354,97.58418132204383,434.97475960416665,52.0,Martyrdom of Ja'far al-Sadiq (estimated),Observed
2020-06-18,93.73562609826142,97.58418132204383,540.5416666666666,51.0,,Observed
2020-06-19,88.90499573818181,97.58418132204383,433.2195512708333,52.0,,Observed
2020-06-20,96.2505857797528,96.2505857797528,567.3459821458333,52.0,,Observed
2020-06-21,95.12211163315189,95.12211163315189,552.40625,51.0,,Observed
2020-06-22,97.7685606975056,95.12211163315189,577.2916666666666,51.0,,Observed
2020-06-23,97.16754535726702,95.12211163315189,559.2291666666666,51.0,,Observed
2020-06-24,95.38655974881593,95.38655974881593,559.6874999895833,53.0,,Observed
2020-06-25,94.67485717064044,95.38655974881593,545.9578947368421,53.0,,Observed
2020-06-26,91.4722097528549,95.38655974881593,445.7291666666667,53.0,,Observed
2020-06-27,94.79050506494065,95.12211163315189,558.7395833333334,53.0,,Observed
2020-06-28,97.30582260288752,95.38655974881593,565.0877976145833,53.0,,Observed
2020-06-29,92.93097192961082,94.79050506494065,548.7272727291667,53.0,,Observed
2020-06-30,94.9069510840631,94.79050506494065,546.21875,53.0,,Observed
2020-07-01,97.61660313849805,94.79050506494065,567.5531914893617,51.0,,Observed
2020-07-02,95.13238220704491,94.9069510840631,544.0416666666666,51.0,,Observed
2020-07-03,90.77450986772972,94.9069510840631,444.2083333333333,51.0,,Observed
2020-07-04,96.6121703710014,95.13238220704491,569.8442460364583,50.0,,Observed
2020-07-05,97.76287419703249,95.13238220704491,563.34375,51.0,,Observed
2020-07-06,94.54012424010267,95.13238220704491,547.5054945054945,51.0,,Observed
2020-07-07,90.43874319467673,95.13238220704491,529.5,51.0,,Observed
2020-07-08,93.0095604636638,94.54012424010267,540.7673611145833,51.0,,Observed
2020-07-09,93.74337178067078,93.74337178067078,536.0982142916666,52.0,,Observed
2020-07-10,89.06093983575519,93.74337178067078,435.8229166666667,51.0,,Observed
2020-07-11,92.03291364959948,93.0095604636638,542.83457340625,52.0,,Observed
2020-07-12,92.94170621782564,92.94170621782564,535.5625,51.0,,Observed
2020-07-13,93.27858773472911,92.94170621782564,540.1996212187499,51.0,,Observed
2020-07-14,92.28471240436963,92.94170621782564,540.3077651458333,51.0,,Observed
2020-07-15,93.29681686043617,92.94170621782564,542.4375,51.0,,Observed
2020-07-16,94.26504197074378,92.94170621782564,539.08153409375,52.0,,Observed
2020-07-17,87.01384263900862,92.94170621782564,425.8053728070176,52.0,,Observed
2020-07-18,93.58037349881721,93.27858773472911,551.9619026822917,52.0,,Observed
2020-07-19,91.8652137050331,93.27858773472911,529.359375,52.0,,Observed
2020-07-20,91.12816638786963,92.28471240436963,527.74599359375,52.0,,Observed
2020-07-21,93.48048374372843,93.29681686043617,547.30875721875,52.0,,Observed
2020-07-22,92.92027218261734,92.92027218261734,540.2482296631579,52.0,,Observed
2020-07-23,93.21618273393067,92.92027218261734,533.0833333333334,52.0,,Observed
2020-07-24,88.56709108119856,92.92027218261734,433.40625,51.0,,Observed
2020-07-25,93.27070856958578,92.92027218261734,550.1354166666666,51.0,,Observed
2020-07-26,93.44605787369316,93.21618273393067,538.46875,51.0,,Observed
2020-07-27,93.5309276656594,93.27070856958578,541.66098484375,51.0,,Observed
2020-07-28,91.76170540314845,93.21618273393067,537.2456681134752,50.0,,Observed
2020-07-29,93.48070221605856,93.27070856958578,543.5066287864584,52.0,,Observed
2020-07-30,93.3343141463985,93.3343141463985,533.758901515625,52.0,,Observed
2020-07-31,88.10432073964418,93.3343141463985,431.14166666666665,51.0,Eid al-Adha (estimated),Observed
2020-08-01,93.85141214043396,93.44605787369316,545.129172931579,52.0,,Observed
2020-08-02,91.94102044780806,93.3343141463985,531.2864583333334,52.0,,Observed
2020-08-03,92.61060587025011,92.61060587025011,534.9321459739583,52.0,,Observed
2020-08-04,92.9988326830099,92.9988326830099,535.9445228494624,52.0,,Observed
2020-08-05,92.42459972971687,92.61060587025011,540.0104166666666,47.0,,Observed
2020-08-06,96.14352096751242,92.61060587025011,545.2552083333333,50.0,,Observed
2020-08-07,93.51581002037301,92.9988326830099,453.645032046875,48.0,,Observed
2020-08-08,77.6691067422362,92.61060587025011,451.1354166666667,51.0,Eid al-Ghadeer (estimated),Observed
2020-08-09,94.38827001938894,92.9988326830099,545.4280303020832,50.0,,Observed
2020-08-10,94.66109089759631,93.51581002037301,546.7760416666667,50.0,,Observed
2020-08-11,93.68447689971802,93.68447689971802,539.8958333333333,50.0,,Observed
2020-08-12,93.10872695744013,93.68447689971802,544.0075757604167,51.0,,Observed
2020-08-13,95.91783575821574,93.68447689971802,543.9752881205674,50.0,,Observed
2020-08-14,89.30077751195431,93.68447689971802,433.1979166666666,48.0,,Observed
2020-08-15,94.34666043908095,94.34666043908095,548.00578703125,49.0,,Observed
2020-08-16,92.29163419935645,93.68447689971802,533.3125,49.0,,Observed
2020-08-17,91.44293300794463,93.10872695744013,528.1875,49.0,,Observed
2020-08-18,94.49753846793436,93.10872695744013,544.5814393958334,51.0,,Observed
2020-08-19,93.71951431947723,93.71951431947723,547.5762310625,48.0,,Observed
2020-08-20,98.27197496230805,93.71951431947723,557.3262310572917,48.0,,Observed
2020-08-21,95.75026618046023,94.34666043908095,464.484375,48.0,,Observed
2020-08-22,96.50667623634708,94.49753846793436,560.5520833333333,48.0,,Observed
2020-08-23,95.18748655894345,95.18748655894345,550.0463489010417,48.0,,Observed
2020-08-24,95.1145626989354,95.18748655894345,549.3953598489584,50.0,,Observed
2020-08-25,94.5954739353626,95.18748655894345,545.1458333333334,51.0,,Observed
2020-08-26,93.19482780332818,95.18748655894345,544.5106382978723,51.0,,Observed
2020-08-27,94.80545192444518,95.1145626989354,537.6666666666666,51.0,,Observed
2020-08-28,88.78327234494587,94.80545192444518,430.6875,50.0,Tasua (estimated),Observed
2020-08-29,66.53869877541979,94.5954739353626,386.485243046875,50.0,Ashura (estimated),Observed
2020-08-30,67.95958063431654,93.19482780332818,392.70833333333337,50.0,,Observed
2020-08-31,93.08715854782294,93.08715854782294,537.6847826086956,51.0,,Observed
2020-09-01,,90.9352154463844,,,,Missing / insufficient coverage
2020-09-02,94.11639849756861,90.9352154463844,539.5677083333333,50.0,,Observed
2020-09-03,97.0425158986342,90.9352154463844,542.3854166666666,49.0,,Observed
2020-09-04,93.11184463550032,93.09950159166164,451.9947916666667,50.0,,Observed
2020-09-05,92.44405798088985,93.09950159166164,534.2296401510416,50.0,,Observed
2020-09-06,92.54578377727478,93.09950159166164,532.3792613645833,50.0,,Observed
2020-09-07,94.2918446997022,93.61412156653446,531.0104166666666,51.0,,Observed
2020-09-08,96.40750122785639,94.11639849756861,545.6354166666666,49.0,,Observed
2020-09-09,94.86011797070805,94.2918446997022,543.8314393958334,51.0,,Observed
2020-09-10,98.75570754159736,94.2918446997022,551.960705956044,51.0,,Observed
2020-09-11,95.31885596738816,94.86011797070805,462.7083333333333,51.0,,Observed
2020-09-12,94.76742270287153,94.86011797070805,547.65625,51.0,,Observed
2020-09-13,92.53580181389613,94.86011797070805,532.3218390804598,49.0,,Observed
2020-09-14,95.37425192460648,95.31885596738816,537.1060606041667,50.0,,Observed
2020-09-15,94.44619199040034,94.86011797070805,534.5350378645834,51.0,,Observed
2020-09-16,95.16649240261336,95.16649240261336,545.5878787916666,51.0,,Observed
2020-09-17,96.9305227166642,95.16649240261336,541.7594696979166,51.0,,Observed
2020-09-18,92.58503736084938,94.76742270287153,449.4375,51.0,,Observed
2020-09-19,96.54316116320503,95.16649240261336,557.9181547604167,52.0,,Observed
2020-09-20,93.0859706156632,95.16649240261336,535.486742421875,50.0,,Observed
2020-09-21,94.39162919704789,94.44619199040034,531.5723593,50.0,,Observed
2020-09-22,96.05030164708046,95.16649240261336,543.613782046875,52.0,,Observed
2020-09-23,96.40693884811337,96.05030164708046,552.6993371197917,52.0,,Observed
2020-09-24,97.25870848624375,96.05030164708046,543.59375,51.0,,Observed
2020-09-25,95.09685756860324,96.05030164708046,461.63068182291664,51.0,,Observed
2020-09-26,97.05121394518324,96.05030164708046,560.8541666666666,51.0,,Observed
2020-09-27,97.37075599818922,96.40693884811337,560.1354166666666,51.0,,Observed
2020-09-28,99.25483760982557,97.05121394518324,558.9598214270833,50.0,,Observed
2020-09-29,97.927232638891,97.25870848624375,554.2366071458333,51.0,,Observed
2020-09-30,96.59062450403061,97.25870848624375,553.7524038541667,51.0,,Observed
2020-10-01,93.63098501664172,97.05121394518324,550.9842105263158,52.0,,Observed
2020-10-02,91.10476338236958,97.05121394518324,449.6181891041666,52.0,,Observed
2020-10-03,93.37818050901333,96.59062450403061,530.6013621822917,52.0,,Observed
2020-10-04,94.32623987751846,94.32623987751846,533.395032046875,52.0,,Observed
2020-10-05,92.63419832596425,93.63098501664172,531.6834239130435,52.0,,Observed
2020-10-06,91.97033730326332,93.37818050901333,530.264423078125,52.0,,Observed
2020-10-07,95.29039865737653,93.37818050901333,553.1260229148936,51.0,Arbaeen (estimated),Observed
2020-10-08,72.78801474709032,92.63419832596425,428.3309294895833,51.0,,Observed
2020-10-09,86.55547981508822,92.63419832596425,427.1666666666667,51.0,,Observed
2020-10-10,95.94470717210896,92.63419832596425,545.18509615625,51.0,,Observed
2020-10-11,95.62505944711474,92.63419832596425,540.739583328125,50.0,,Observed
2020-10-12,95.29956550158737,95.29039865737653,546.9815705104166,51.0,,Observed
2020-10-13,94.74624965549627,95.29039865737653,546.2692307708332,50.0,,Observed
2020-10-14,92.57583841488034,94.74624965549627,537.368990390625,50.0,,Observed
2020-10-15,90.51621896711953,94.74624965549627,532.6549479166666,51.0,Demise of Prophet Muhammad and Hasan ibn Ali (estimated),Observed
2020-10-16,86.13407095736636,94.74624965549627,425.0869391041667,52.0,,Observed
2020-10-17,73.9366982493214,92.57583841488034,420.129334203125,52.0,Martyrdom of Ali al-Rida (estimated),Observed
2020-10-18,99.06320055787788,92.57583841488034,560.181547625,51.0,,Observed
2020-10-19,97.20448743145505,92.57583841488034,557.9150641041666,51.0,,Observed
2020-10-20,96.20702940668511,92.57583841488034,554.6915064166667,51.0,,Observed
2020-10-21,97.82411686062682,96.20702940668511,567.8333333333333,50.0,,Observed
2020-10-22,94.1859538876842,96.20702940668511,554.25,51.0,,Observed
2020-10-23,90.44549516085507,96.20702940668511,446.3645833333333,51.0,,Observed
2020-10-24,99.35301735448807,97.20448743145505,564.55208334375,51.0,,Observed
2020-10-25,77.95282515372806,96.20702940668511,440.80681817708336,51.0,Martyrdom of Hasan al-Askari (estimated),Observed
2020-10-26,97.18766492608331,96.20702940668511,557.8185096197917,50.0,,Observed
2020-10-27,96.5347354920265,96.5347354920265,556.5809295,51.0,,Observed
2020-10-28,97.39342658974059,96.5347354920265,565.3333333333334,51.0,,Observed
2020-10-29,92.20693012346771,96.5347354920265,542.6041666666666,51.0,,Observed
2020-10-30,91.12400320091955,96.5347354920265,449.7131410260416,50.0,,Observed
2020-10-31,96.21460811030299,96.21460811030299,546.71875,51.0,,Observed
2020-11-01,,96.37467180116474,,,,Missing / insufficient coverage
2020-11-02,,96.21460811030299,,,,Missing / insufficient coverage
2020-11-03,,94.21076911688536,,,Birthday of Muhammad and Ja'far al-Sadiq (estimated),Missing / insufficient coverage
2020-11-04,,,,,,Missing / insufficient coverage
2020-11-05,,,,,,Missing / insufficient coverage
2020-11-06,,,,,,Missing / insufficient coverage
2020-11-07,,,,,,Missing / insufficient coverage
2020-11-08,,,,,,Missing / insufficient coverage
2020-11-09,,,,,,Missing / insufficient coverage
2020-11-10,,,,,,Missing / insufficient coverage
2020-11-11,,,,,,Missing / insufficient coverage
2020-11-12,,,,,,Missing / insufficient coverage
2020-11-13,,,,,,Missing / insufficient coverage
2020-11-14,,,,,,Missing / insufficient coverage
2020-11-15,,,,,,Missing / insufficient coverage
2020-11-16,,,,,,Missing / insufficient coverage
2020-11-17,,,,,,Missing / insufficient coverage
2020-11-18,,,,,,Missing / insufficient coverage
2020-11-19,,,,,,Missing / insufficient coverage
2020-11-20,,,,,,Missing / insufficient coverage
2020-11-21,,,,,Smart management of COVID-19 restrictions begins,Missing / insufficient coverage
2020-11-22,,,,,,Missing / insufficient coverage
2020-11-23,,,,,,Missing / insufficient coverage
2020-11-24,,,,,,Missing / insufficient coverage
2020-11-25,,,,,,Missing / insufficient coverage
2020-11-26,,,,,,Missing / insufficient coverage
2020-11-27,,,,,,Missing / insufficient coverage
2020-11-28,,,,,,Missing / insufficient coverage
2020-11-29,,,,,,Missing / insufficient coverage
2020-11-30,,,,,,Missing / insufficient coverage
2020-12-01,,,,,,Missing / insufficient coverage
2020-12-02,,,,,,Missing / insufficient coverage
2020-12-03,,,,,,Missing / insufficient coverage
2020-12-04,,,,,,Missing / insufficient coverage
2020-12-05,,,,,,Missing / insufficient coverage
2020-12-06,,,,,,Missing / insufficient coverage
2020-12-07,,,,,,Missing / insufficient coverage
2020-12-08,,,,,,Missing / insufficient coverage
2020-12-09,,,,,,Missing / insufficient coverage
2020-12-10,,,,,,Missing / insufficient coverage
2020-12-11,,,,,,Missing / insufficient coverage
2020-12-12,,,,,,Missing / insufficient coverage
2020-12-13,,,,,,Missing / insufficient coverage
2020-12-14,,,,,,Missing / insufficient coverage
2020-12-15,,,,,,Missing / insufficient coverage
2020-12-16,,,,,,Missing / insufficient coverage
2020-12-17,,,,,,Missing / insufficient coverage
2020-12-18,,,,,,Missing / insufficient coverage
2020-12-19,,,,,,Missing / insufficient coverage
2020-12-20,,,,,,Missing / insufficient coverage
2020-12-21,,,,,,Missing / insufficient coverage
2020-12-22,,,,,,Missing / insufficient coverage
2020-12-23,,,,,,Missing / insufficient coverage
2020-12-24,,,,,,Missing / insufficient coverage
2020-12-25,,,,,,Missing / insufficient coverage
2020-12-26,94.6599190436109,,497.8717325364584,42.0,,Observed
2020-12-27,96.06601000873779,,503.90625,47.0,,Observed
2020-12-28,97.9779569384262,,510.7486979166667,49.0,,Observed
2020-12-29,97.93550830746203,97.00075915809991,507.25520833333337,50.0,,Observed
2020-12-30,95.40332400805072,96.06601000873779,500.777734375,48.0,,Observed
2020-12-31,94.45166777733105,95.73466700839425,493.5416666666667,49.0,,Observed
2021-01-01,87.73489441885285,95.40332400805072,434.9600000105263,50.0,,Observed
2021-01-02,87.03987567510939,95.40332400805072,496.3074786354167,49.0,,Observed
2021-01-03,89.16963602240826,94.45166777733105,506.1359375,50.0,,Observed
2021-01-04,90.68827261867045,90.68827261867045,514.7083333333334,49.0,,Observed
2021-01-05,91.04322399903151,90.68827261867045,521.890625,49.0,,Observed
2021-01-06,90.75588004294411,90.68827261867045,521.6619623655914,50.0,,Observed
2021-01-07,98.9110227855112,90.68827261867045,581.5246913580247,46.0,,Observed
2021-01-08,85.81938317613768,90.68827261867045,425.4635416666667,50.0,,Observed
2021-01-09,89.13612101691402,90.68827261867045,508.2604166666667,49.0,,Observed
2021-01-10,93.56112917816705,90.75588004294411,531.0625,49.0,,Observed
2021-01-11,90.52676189272445,90.75588004294411,513.7916666666666,51.0,,Observed
2021-01-12,89.13791536829223,90.52676189272445,510.96875,51.0,,Observed
2021-01-13,92.52045559572674,90.52676189272445,531.8046875,51.0,,Observed
2021-01-14,87.78931391364434,89.13791536829223,516.1371527708334,50.0,,Observed
2021-01-15,89.95147813157939,89.95147813157939,445.9490740625,49.0,,Observed
2021-01-16,91.26466318030664,90.52676189272445,520.3975134408602,50.0,Martyrdom of Fatima (estimated),Observed
2021-01-17,74.08597328040203,89.95147813157939,420.51953125,50.0,,Observed
2021-01-18,92.88977393426373,89.95147813157939,527.203125,50.0,,Observed
2021-01-19,91.30580587518013,91.26466318030664,523.3958333333333,50.0,,Observed
2021-01-20,92.69723906090015,91.26466318030664,532.8208333333333,50.0,,Observed
2021-01-21,88.48886447795041,91.26466318030664,520.25,51.0,,Observed
2021-01-22,88.44421306590961,91.26466318030664,438.4765625,52.0,,Observed
2021-01-23,85.46288039942786,88.48886447795041,487.3153409166667,51.0,,Observed
2021-01-24,86.3736480588251,88.48886447795041,490.265625,53.0,,Observed
2021-01-25,90.46619537049472,88.48886447795041,513.4479166666666,53.0,,Observed
2021-01-26,86.4063369861012,88.44421306590961,495.3104166666667,56.0,,Observed
2021-01-27,89.90086600958864,88.44421306590961,516.7473684210527,56.0,,Observed
2021-01-28,99.24592477997075,88.44421306590961,583.493670886076,53.0,,Observed
2021-01-29,87.23869283436535,87.23869283436535,432.5,56.0,,Observed
2021-01-30,88.4706596203694,88.4706596203694,504.4659090885417,56.0,,Observed
2021-01-31,89.79150333216948,89.79150333216948,509.66571969791664,56.0,,Observed
