intersection_id,community,degree_centrality,weighted_degree,betweenness_centrality,eigenvector_centrality,dtw_cluster,mean_volume,trusted_months,name_fa_x,gis_id,name_fa_y,intersection_label,pre_pandemic_volume,pre_months,mar_oct_2020_volume,mar_oct_months,trusted_months_calc,monthly_mean_volume,monthly_std_volume,monthly_volume_cv,max_abs_consecutive_month_change,possible_regime_shift,shock_change,recovery_change,jan_2021_vs_2020,mar_oct_vs_pre,volume_rank,centrality_rank,community_label
1001,2,0.0547945205479452,3.972999460526713,0.0,0.0592872881711537,2,493.98937558841135,25,اشراق - ابوريحان,1252.0,اشراق - ابوريحان,SCATS 1001 — اشراق - ابوريحان,516.3760143303996,14.0,467.663880304979,8.0,25,493.98937558841135,45.060159518023866,0.09121685960219454,0.29520919786183275,No large shift,-0.29520919786183275,0.2094562259200119,,-0.09433461794035325,46.0,57.0,Community 2
1002,2,0.0547945205479452,3.946781059601123,0.0,0.0588591470979126,2,358.8033943812296,25,اشراق - فلاطوري,1253.0,اشراق - فلاطوري,SCATS 1002 — اشراق - فلاطوري,376.42308878075175,14.0,330.46170074423674,8.0,25,358.80339438122957,39.61934037339329,0.11042075129115873,0.3350297603443906,No large shift,-0.3350297603443906,0.23998686782232959,,-0.12210034242422707,69.0,68.0,Community 2
1010,1,0.0684931506849315,4.969904775552514,0.041476407914764,0.0864706940919921,2,568.5738576556663,24,چهارراه جهاد,1005.0,چهارراه جهاد,SCATS 1010 — چهارراه جهاد,424.84094995260045,12.0,761.9196205076639,8.0,24,568.5738576556663,229.41802168131133,0.4034973092629402,1.0360741123769523,Review,-0.23930092477538956,1.0360741123769523,0.9102609346911212,0.7934232107160841,34.0,40.0,Community 1
1012,2,0.0684931506849315,4.966561801038833,0.0007610350076103,0.0871398076943631,2,305.6493772735644,25,چهار راه مصدق,1016.0,چهار راه مصدق,SCATS 1012 — چهار راه مصدق,314.56744029599736,14.0,296.99718153664446,8.0,25,305.64937727356437,24.468801231779636,0.08005513196213518,0.2526500751106928,No large shift,-0.2526500751106928,0.23883397500709136,,-0.05585530003620165,74.0,42.0,Community 2
1014,4,0.0547945205479452,3.622747784468525,0.0,0.0616256530720948,2,594.6407236505213,1,شمال پل فلزي,1014.0,شمال پل فلزي,SCATS 1014 — شمال پل فلزي,594.6407236505213,1.0,,,1,594.6407236505213,,,,No large shift,,,,,26.0,74.0,Community 4
1016,1,0.0958904109589041,6.8990585645828215,0.1518264840182648,0.0666955305898184,2,544.293740981238,24,امام خميني امام رضا,1259.0,امام خميني امام رضا,SCATS 1016 — امام خميني امام رضا,551.6760995552665,14.0,546.3095289253631,7.0,24,544.293740981238,29.427578672642586,0.05406562019175776,0.22318610538721584,No large shift,-0.22318610538721584,,,-0.009727756258119058,37.0,23.0,Community 1
1017,3,0.0547945205479452,3.75136655556204,0.0,0.0496624117430842,1,2707.59273783872,12,,,,SCATS 1017,2505.545210084033,9.0,,,12,2707.5927378387196,617.5049867635873,0.22806420557047957,0.3300640943605502,No large shift,,,,,1.0,72.0,Community 3
1018,1,0.0684931506849315,4.937266917269426,0.0,0.0298561362953046,2,348.8625406339792,22,سه راه نقشينه,1135.0,سه راه نقشينه,SCATS 1018 — سه راه نقشينه,347.45869916890945,12.0,345.4666271792495,6.0,22,348.8625406339792,6.8413723463393,0.019610510013217942,0.04703180888669767,No large shift,,,0.010351219394545419,-0.005733262671001826,71.0,47.0,Community 1
1019,1,0.0684931506849315,4.854263752849114,0.0,0.0223542187016101,2,539.9895627566083,6,بعثت گلستان,1427.0,بعثت گلستان,SCATS 1019 — بعثت گلستان,463.0295795793919,3.0,,,6,539.9895627566083,83.29930132151635,0.15426094700104823,0.23436159451102612,No large shift,,,,,39.0,52.0,Community 1
1021,3,0.0684931506849315,4.886363377064129,0.0011415525114155,0.0631512010048285,2,459.5139129607438,26,شمال پل آذر,1021.0,شمال پل آذر,SCATS 1021 — شمال پل آذر,450.60578133362174,14.0,466.2821451743338,8.0,26,459.5139129607438,32.906935584479726,0.07161249019089212,0.17233917746364247,No large shift,-0.16102644186275528,0.17233917746364247,0.1794522406229795,0.03478953109371119,56.0,49.0,Community 3
1028,1,0.0547945205479452,3.967897156983329,0.0,0.109246721640156,2,442.17457635282665,14,آتشگاه - حجازي,1396.0,آتشگاه - حجازي,SCATS 1028 — آتشگاه - حجازي,445.30032174258406,10.0,,,14,442.17457635282665,19.47284905229918,0.04403882559896684,0.04154002730635842,No large shift,,,,,59.0,61.0,Community 1
1029,1,0.0547945205479452,3.96230955378742,0.0015220700152207,0.0869989975986706,2,547.27737113035,21,قدس - آتشگاه,1180.0,قدس - آتشگاه,SCATS 1029 — قدس - آتشگاه,576.509474571435,14.0,431.40126944558705,4.0,21,547.27737113035,60.15835987066787,0.10992298063853148,0.266208369643008,No large shift,-0.266208369643008,0.1876412698817016,,-0.2517013362767686,36.0,63.0,Community 1
1030,4,0.0684931506849315,4.841540072816834,0.0,0.0714544487238437,2,580.8635304658462,7,نیکبخت,1107.0,نیکبخت,SCATS 1030 — نیکبخت,,,592.641149772621,6.0,7,580.8635304658462,25.51060730833374,0.043918417959334634,0.062323216259601244,No large shift,,,,,28.0,53.0,Community 4
1031,4,0.0547945205479452,3.847658288336394,0.0,0.0560008333430477,1,600.8575782140165,26,شيخ صدوق سعادت آباد,1111.0,شيخ صدوق سعادت آباد,SCATS 1031 — شيخ صدوق سعادت آباد,624.6924293945488,14.0,617.6234249889242,8.0,26,600.8575782140165,73.08026350079207,0.12162659863259971,0.2818824808367397,No large shift,-0.2588882152553619,0.2818824808367397,0.17827962752218718,-0.011315975787438037,25.0,70.0,Community 4
1032,4,0.0547945205479452,3.864455047347493,0.0,0.0562687847027786,1,621.8539788800964,26,چهارراه فرايبورگ,1114.0,چهارراه فرايبورگ,SCATS 1032 — چهارراه فرايبورگ,625.6741499029265,14.0,629.8773124644515,8.0,26,621.8539788800964,55.327464287124,0.08897179428965596,0.3517179054699898,No large shift,-0.3517179054699898,0.18229629889011378,-0.121161952209073,0.006717813996594213,18.0,69.0,Community 4
1033,4,0.0547945205479452,3.965230385437658,0.0098934550989345,0.067590773477914,2,418.6289908388418,25,سجاد سپه سالار,1105.0,سجاد سپه سالار,SCATS 1033 — سجاد سپه سالار,385.2203174608404,13.0,540.5381258082209,8.0,25,418.62899083884184,85.08813820150452,0.20325428974951382,0.6341843431754601,Review,-0.2452017090246834,0.6341843431754601,,0.40319215084798676,64.0,62.0,Community 4
1034,4,0.1095890410958904,7.762460486356057,0.0163622526636225,0.1160569234563193,2,514.3692747278832,26,چهارراه آپادانا,1110.0,چهارراه آپادانا,SCATS 1034 — چهارراه آپادانا,560.1225431117782,14.0,488.339438956577,8.0,26,514.3692747278832,59.743912474003565,0.11614984683058663,0.31837152369215205,No large shift,-0.31837152369215205,0.2943773899264721,-0.10984966587874989,-0.1281560705562893,45.0,13.0,Community 4
1035,4,0.1095890410958904,7.951032085713777,0.0517503805175038,0.1471605614252543,2,622.3505986720145,26,چهارراه آبشار,1115.0,چهارراه آبشار,SCATS 1035 — چهارراه آبشار,635.5447086473355,14.0,635.5890186022334,8.0,26,622.3505986720145,43.743693011285295,0.07028786202604538,0.2571734268435756,No large shift,-0.2571734268435756,0.2122715802210262,-0.09417734033847958,6.971965039603845e-05,17.0,11.0,Community 4
1036,4,0.0958904109589041,6.967793305125765,0.2241248097412481,0.1613111544721337,2,775.9992928878514,26,ميدان بزرگمهر,1067.0,ميدان بزرگمهر,SCATS 1036 — ميدان بزرگمهر,828.5687577684175,14.0,603.0939949210021,8.0,26,775.9992928878514,156.92829548976766,0.20222736918453246,0.32317218314097507,No large shift,-0.32317218314097507,0.20472745954157845,-0.29425685770020016,-0.2721255909463519,9.0,16.0,Community 4
1037,2,0.0547945205479452,3.988545937374818,0.0,0.0901711064177017,2,426.7962649671387,12,,,,SCATS 1037,425.9468235294118,9.0,,,12,426.7962649671387,7.579372933155016,0.0177587611591179,0.05628027977438643,No large shift,,,,,63.0,54.0,Community 2
1038,2,0.0958904109589041,6.974292441804661,0.0722983257229832,0.1248813391893725,2,615.2069862687774,14,,,,SCATS 1038,616.8587064270791,10.0,551.3428151907575,1.0,14,615.2069862687774,26.203642317645848,0.042593213182721815,0.07164597335629774,No large shift,,,,-0.10620891065281002,21.0,14.0,Community 2
1039,1,0.136986301369863,9.942495374467764,0.0859969558599695,0.2443811722895726,2,518.8384655791758,26,جي پروين,1188.0,جي پروين,SCATS 1039 — جي پروين,523.3174673962008,14.0,517.0515732138905,8.0,26,518.8384655791758,39.63825062270206,0.07639805691440814,0.22158442286349056,No large shift,-0.22158442286349056,0.20817008877528953,-0.08163697672569192,-0.011973409207008956,44.0,2.0,Community 1
1040,3,0.136986301369863,9.842980075799328,0.060882800608828,0.2207767943648634,2,591.8064932523631,14,,,,SCATS 1040,587.4565609765225,10.0,,,14,591.8064932523631,12.989111986834827,0.021948241756272687,0.03283334910772995,No large shift,,,,,27.0,3.0,Community 3
1041,2,0.0684931506849315,4.972606377032579,0.0799086757990867,0.0792136483612454,2,469.0458166987901,11,پروين دشتستان,1203.0,پروين دشتستان,SCATS 1041 — پروين دشتستان,505.85107418795474,4.0,477.8530287629804,7.0,11,469.04581669879013,51.01392453491186,0.10876106921484766,0.2911771930053505,No large shift,-0.2911771930053505,0.22363775117825946,,-0.05534839571097039,54.0,38.0,Community 2
1042,3,0.0684931506849315,4.968920346257567,0.0019025875190258,0.1183465861714742,2,349.4920939872588,26,كمال ابن سينا,1048.0,كمال ابن سينا,SCATS 1042 — كمال ابن سينا,357.8958510170891,14.0,352.618259540057,8.0,26,349.4920939872588,20.05277815856591,0.05737691496763003,0.2191911292963149,No large shift,-0.15570577131004137,0.2191911292963149,-0.046459867023804446,-0.014746165573123915,70.0,41.0,Community 3
1043,3,0.1232876712328767,8.964847182967826,0.2176560121765601,0.2604423929058317,2,1416.2567590914216,20,,,,SCATS 1043,1448.0474768322772,9.0,1452.189917722241,7.0,20,1416.2567590914216,89.37589574982843,0.06310712741605287,0.24617678326402226,No large shift,,0.24617678326402226,,0.0028607079230755783,2.0,4.0,Community 3
1044,3,0.0547945205479452,3.9721367191078674,0.0,0.1287011159265381,2,483.62933187841526,26,ميدان قدس,1140.0,ميدان قدس,SCATS 1044 — ميدان قدس,495.9076657943739,14.0,457.41684625180517,8.0,26,483.62933187841526,31.639009243203127,0.06541995523786219,0.1770293546968309,No large shift,-0.16131292425429122,0.1770293546968309,0.03243952864181687,-0.07761690773808039,48.0,59.0,Community 3
1047,3,0.0547945205479452,3.9542910128111366,0.0003805175038051,0.0548632297987635,2,533.0644212865561,26,شمال فردوسي,1047.0,شمال فردوسي,SCATS 1047 — شمال فردوسي,518.1401208906386,14.0,578.5051110409197,8.0,26,533.0644212865561,35.969335593372506,0.06747652658296002,0.19400873860473422,No large shift,-0.13584816215972373,0.12616823295002866,-0.02330625803371056,0.11650321547483866,42.0,67.0,Community 3
1048,3,0.0821917808219178,5.951576157709151,0.032724505327245,0.1115663485339371,2,488.1600983843207,26,باغ گلدسته كمال اسماعيل,1458.0,باغ گلدسته كمال اسماعيل,SCATS 1048 — باغ گلدسته كمال اسماعيل,496.3152830368687,14.0,502.97486909253087,8.0,26,488.1600983843207,35.53891201599334,0.0728017552717185,0.272617614467056,No large shift,-0.24662485794971745,0.272617614467056,-0.06249918219038797,0.013418055585379562,47.0,30.0,Community 3
1051,2,0.1506849315068493,10.924335656406992,0.2290715372907153,0.1706515293507897,2,366.8021608794638,23,چهار راه نقاشي,1055.0,چهار راه نقاشي,SCATS 1051 — چهار راه نقاشي,376.2029350468913,13.0,364.61500783063605,6.0,23,366.8021608794638,16.94467945892447,0.04619569148201589,0.07620225772121747,No large shift,,,,-0.030802330701675373,68.0,1.0,Community 2
1053,3,0.0684931506849315,4.971991973849029,0.0057077625570776,0.1170407711395275,2,332.08640276105405,26,هشت بهشت نشاط,1053.0,هشت بهشت نشاط,SCATS 1053 — هشت بهشت نشاط,338.5341162921617,14.0,332.4498480910174,8.0,26,332.08640276105405,26.68911000416998,0.08036796984841797,0.255829095266638,No large shift,-0.23181580649058242,0.255829095266638,-0.09754007493617356,-0.017972393056815195,72.0,39.0,Community 3
1054,2,0.0547945205479452,3.98143527115964,0.0053272450532724,0.0792854991376764,2,455.9974427474988,13,هشت بهشت گلزار,1051.0,هشت بهشت گلزار,SCATS 1054 — هشت بهشت گلزار,456.1334059040523,10.0,,,13,455.9974427474988,7.380235100413694,0.016184816862011175,0.045172237693419603,No large shift,,,,,57.0,56.0,Community 2
1057,1,0.0684931506849315,4.960840011950891,0.047945205479452,0.0532273689325656,2,616.3208353051776,26,صغير وليعصر,1050.0,صغير وليعصر,SCATS 1057 — صغير وليعصر,628.196877703275,14.0,616.4362822859995,8.0,26,616.3208353051776,53.49632802992493,0.08679948001990825,0.25361290190245955,No large shift,-0.2316759696448225,0.25361290190245955,-0.1872546572563648,-0.018721193680989012,20.0,43.0,Community 1
1058,2,0.0821917808219178,5.9510741295852405,0.0038051750380517,0.0821879418770602,2,375.10957181010696,22,پل سرهنگ,1192.0,پل سرهنگ,SCATS 1058 — پل سرهنگ,389.4129542204063,12.0,367.83219787057214,8.0,22,375.10957181010696,25.034781992563406,0.0667399178105667,0.22489277838521904,No large shift,-0.22489277838521904,0.1764846136906033,-0.09299663165407268,-0.05541869143269307,66.0,31.0,Community 2
1059,1,0.0958904109589041,6.928652220964591,0.0753424657534246,0.0424104979952173,2,331.0698672449953,13,پل تمدن,,پل تمدن,SCATS 1059 — پل تمدن,331.5514209479298,10.0,,,13,331.06986724499535,6.80918688688187,0.020567220277534336,0.04177872311145292,No large shift,,,,,73.0,22.0,Community 1
1064,2,0.1095890410958904,7.97376950406565,0.1571537290715373,0.1922352933341064,2,372.63536269623046,12,صياد شيرازي علامه اميني,1064.0,صياد شيرازي علامه اميني,SCATS 1064 — صياد شيرازي علامه اميني,399.80803063225983,4.0,382.26591866258764,8.0,12,372.63536269623046,42.61414341532912,0.11435882817720616,0.28101729476860304,No large shift,-0.28101729476860304,0.24639488156776257,,-0.04387633720596096,67.0,9.0,Community 2
1065,3,0.1232876712328767,8.9523558230266,0.0996955859969558,0.2249967291562123,2,441.7519546933965,4,,,,SCATS 1065,435.2371428571429,4.0,,,4,441.75195469339644,18.303747858122033,0.04143444678320888,0.06173433213505797,No large shift,,,,,60.0,8.0,Community 3
1066,2,0.1232876712328767,8.955365407306992,0.2016742770167427,0.1460497756304808,2,538.3606905151962,19,حمزه هشت بهشت,,حمزه هشت بهشت,SCATS 1066 — حمزه هشت بهشت,542.9980746062029,14.0,431.26493621506603,2.0,19,538.3606905151962,43.73147711685269,0.08123081400130251,0.25470656429505056,No large shift,-0.25470656429505056,,,-0.20577078191698706,40.0,7.0,Community 2
1067,1,0.0547945205479452,3.6359328076671513,0.0,0.0545163422039753,2,828.7377128346283,13,,,,SCATS 1067,811.9547156899405,10.0,,,13,828.7377128346284,43.159851816057134,0.05207902469942203,0.08411271035026557,No large shift,,,,,7.0,73.0,Community 1
1068,1,0.0684931506849315,4.876281863760963,0.0019025875190258,0.1146506156497504,2,574.1853243548953,21,جي صيادشيرازي,1213.0,جي صيادشيرازي,SCATS 1068 — جي صيادشيرازي,585.4768822402027,11.0,542.1423929375569,6.0,21,574.1853243548953,25.803854400811066,0.04493994065383338,0.08192663591343075,No large shift,,,,-0.07401571371500715,31.0,51.0,Community 1
1069,1,0.0547945205479452,3.97180529983148,0.0182648401826484,0.0494299181433847,2,617.693389492841,25,ميدان احمد آباد,1215.0,ميدان احمد آباد,SCATS 1069 — ميدان احمد آباد,631.0478070818492,14.0,587.5511319250585,7.0,25,617.693389492841,57.64689780959048,0.09332607210985637,0.27916113570796197,No large shift,-0.27916113570796197,0.23144930907461592,-0.027500638291412027,-0.06892770194057429,19.0,60.0,Community 1
1070,3,0.0684931506849315,4.953204240152306,0.0030441400304414,0.0875812229371414,2,705.0921284080481,13,,,,SCATS 1070,714.9795512903574,10.0,,,13,705.0921284080481,25.203645674947435,0.03574518089125749,0.06278913721034862,No large shift,,,,,13.0,45.0,Community 3
1071,3,0.0958904109589041,6.964019616917091,0.0312024353120243,0.2001590198841031,2,730.187525343655,20,میدان 25 آبان,1287.0,میدان 25 آبان,SCATS 1071 — میدان 25 آبان,987.969314371488,9.0,613.2191969473868,7.0,20,730.187525343655,178.1677512010038,0.24400273219835006,0.24351213416797513,No large shift,,0.24351213416797513,,-0.3793135191273672,12.0,18.0,Community 3
1072,3,0.0684931506849315,4.96015179130681,0.0072298325722983,0.0989769438967709,2,1038.96800226637,13,,,,SCATS 1072,1038.5891796907222,10.0,,,13,1038.9680022663701,31.1082786910062,0.029941517566611904,0.048579384309938245,No large shift,,,,,3.0,44.0,Community 3
1074,3,0.0547945205479452,3.959630157597768,0.0144596651445966,0.0592885563665357,2,639.0639763147939,12,,,,SCATS 1074,638.8648340197985,9.0,,,12,639.0639763147939,10.339847324110929,0.01617967481712295,0.04229392304477342,No large shift,,,,,16.0,66.0,Community 3
1075,1,0.0547945205479452,3.972156197399108,0.0,0.0600086237727291,2,922.0660032460224,24,حكيم عبدالرزاق,1045.0,حكيم عبدالرزاق,SCATS 1075 — حكيم عبدالرزاق,941.4660952337216,12.0,899.9484780986168,8.0,24,922.0660032460224,84.28132911274398,0.09140487645791266,0.31312284545126645,No large shift,-0.31312284545126645,0.2873822213795503,-0.0010865411890145227,-0.04409889782042331,4.0,58.0,Community 1
1077,1,0.1095890410958904,7.957751466720245,0.0977929984779299,0.1540165725484128,2,464.4433304192823,25,5 رمضان مسجد سيد,1018.0,5 رمضان مسجد سيد,SCATS 1077 — 5 رمضان مسجد سيد,487.26553710271116,14.0,452.93459290230294,8.0,25,464.4433304192823,39.30637158218446,0.08463114659586159,0.2848952775396476,No large shift,-0.2584248109144456,0.22226482216151577,,-0.0704563355835518,55.0,10.0,Community 1
1078,1,0.0958904109589041,6.956432448618827,0.008751902587519,0.1390559531452429,2,483.6065102615997,21,چهارراه وفايي,1017.0,چهارراه وفايي,SCATS 1078 — چهارراه وفايي,486.3490341013853,14.0,426.49853354927507,4.0,21,483.60651026159974,43.799804989276424,0.09056909710661995,0.24053652839562,No large shift,-0.24053652839562,0.23030932295414774,,-0.12306079863547892,49.0,20.0,Community 1
1079,1,0.0958904109589041,6.966960641006285,0.1080669710806697,0.1686480045295599,2,476.5630671830931,22,طيب - مسجد سيد,1022.0,طيب - مسجد سيد,SCATS 1079 — طيب - مسجد سيد,491.3553181035372,11.0,462.92164473742827,7.0,22,476.5630671830931,28.564369016579718,0.05993827676454297,0.23887095746686215,No large shift,,0.23887095746686215,,-0.05786784495556718,52.0,17.0,Community 1
1080,2,0.0547945205479452,3.9837579928438265,0.0,0.1091872879921099,2,571.2226060965087,20,توحيد دانشگاه,1089.0,توحيد دانشگاه,SCATS 1080 — توحيد دانشگاه,620.0162093896913,8.0,565.8582819541407,8.0,20,571.2226060965087,83.43599009507867,0.14606563046453044,0.29609801719650597,No large shift,-0.01100251844230904,0.29609801719650597,,-0.08734921219053382,33.0,55.0,Community 2
1081,2,0.1232876712328767,8.959750585503977,0.0205479452054794,0.1501967580035962,2,441.2898113013389,24,سه راه حكيم نظامي (شهداي غزه),1078.0,سه راه حكيم نظامي (شهداي غزه),SCATS 1081 — سه راه حكيم نظامي (شهداي غزه),465.4503115955116,12.0,427.1206003442502,8.0,24,441.2898113013389,56.29167660972233,0.12756169566598724,0.3419126920252732,No large shift,-0.3419126920252732,0.27389926525642116,,-0.08234973808454749,61.0,5.0,Community 2
1082,4,0.0821917808219178,5.951576523927922,0.1229071537290715,0.1072842432314388,2,470.93701910007934,26,توحيد شريعتي,1082.0,توحيد شريعتي,SCATS 1082 — توحيد شريعتي,489.2812577656805,14.0,454.86384515769,8.0,26,470.93701910007934,47.671437329344144,0.10122677852006669,0.33665313119932705,No large shift,-0.33665313119932705,0.2820532508057696,-0.09639151195390405,-0.07034279785242292,53.0,29.0,Community 4
1083,4,0.0958904109589041,6.81228660702297,0.0296803652968036,0.0936333043939091,2,886.3907333061294,9,چهارراه امين (حكيم نظامي-شريعتي),1083.0,چهارراه امين (حكيم نظامي-شريعتي),SCATS 1083 — چهارراه امين (حكيم نظامي-شريعتي),561.3989516803003,6.0,,,9,886.3907333061294,395.49782473418173,0.4461890336545183,0.8641569389967128,Review,,,,,5.0,27.0,Community 4
1084,2,0.0684931506849315,4.9772327529018,0.0323439878234398,0.1128993480615436,2,553.3468373690963,23,ميدان ارتش,1084.0,ميدان ارتش,SCATS 1084 — ميدان ارتش,573.2233488571521,12.0,531.4107256229795,8.0,23,553.3468373690963,52.613609202657194,0.09508251543066576,0.24240545363217536,No large shift,-0.24240545363217536,0.2230886062610733,0.024644245287701594,-0.07294298691345247,35.0,36.0,Community 2
1085,3,0.0821917808219178,5.89812158002924,0.0464231354642313,0.1043627235156041,2,477.3726394090666,14,سه راه سيمين,1095.0,سه راه سيمين,SCATS 1085 — سه راه سيمين,476.9446280017954,10.0,,,14,477.3726394090666,14.264818170311136,0.02988193497635174,0.0326264538264055,No large shift,,,,,51.0,33.0,Community 3
1086,2,0.0821917808219178,5.978639555147554,0.039193302891933,0.1074347001555323,2,480.1687727759436,24,وحيد رودكي,1087.0,وحيد رودكي,SCATS 1086 — وحيد رودكي,495.50409372434484,14.0,461.16380760174906,7.0,24,480.1687727759436,44.964785405730005,0.09364371020168669,0.3032115591104402,No large shift,-0.3032115591104402,0.2534604106180134,-0.044115709180769125,-0.06930373847062443,50.0,28.0,Community 2
1088,3,0.0684931506849315,4.909817497147347,0.0057077625570776,0.0853670644655747,2,643.826134675805,13,,,,SCATS 1088,647.646089405992,10.0,,,13,643.826134675805,11.160073229634815,0.017333986038411454,0.025314433969229944,No large shift,,,,,15.0,48.0,Community 3
1090,4,0.0684931506849315,4.941795206798764,0.0,0.0837641887381429,2,450.32305491685497,24,چهار راه توحيد نظر,1090.0,چهار راه توحيد نظر,SCATS 1090 — چهار راه توحيد نظر,450.78710473426713,14.0,447.6763155129853,6.0,24,450.32305491685497,19.96561483648976,0.04433620401730508,0.07520578643853859,No large shift,,,-0.0685280601034346,-0.0069007946070587245,58.0,46.0,Community 4
1092,2,0.1232876712328767,8.9586682437594,0.1381278538812785,0.2137091627901711,2,731.4675177346555,14,پل وحيد,1091.0,پل وحيد,SCATS 1092 — پل وحيد,746.5102198947551,9.0,680.2730608527158,1.0,14,731.4675177346555,39.02095970960753,0.05334612783689273,0.05645063845763765,No large shift,,,,-0.08872907198963398,11.0,6.0,Community 2
1093,4,0.0958904109589041,6.959657223348437,0.0365296803652968,0.1406641313495234,2,604.1122305365659,24,جنوب فلزي,1093.0,جنوب فلزي,SCATS 1093 — جنوب فلزي,550.0976552372776,12.0,687.9937603064857,8.0,24,604.1122305365659,85.51426798819568,0.14155361150732346,0.34098674254379957,No large shift,-0.2884020363264739,0.34098674254379957,-0.054049974217684316,0.25067568231994786,23.0,19.0,Community 4
1094,4,0.0958904109589041,6.8696541464934535,0.0106544901065449,0.116460096034644,2,844.6318981255215,25,جنوب آذر,1094.0,جنوب آذر,SCATS 1094 — جنوب آذر,833.4279814952941,14.0,841.6548638266377,8.0,25,844.6318981255215,65.39012602539188,0.0774184898421563,0.2749929095683419,No large shift,-0.15121427334649995,0.2749929095683419,,0.009871137655569573,6.0,24.0,Community 4
1095,2,0.0684931506849315,4.974046900522014,0.0011415525114155,0.0931169974761162,2,519.605802481939,7,وحيد باغ درياچه,1096.0,وحيد باغ درياچه,SCATS 1095 — وحيد باغ درياچه,519.2328082981176,5.0,,,7,519.605802481939,11.74682985556205,0.022607195299691362,0.034533924682566886,No large shift,,,,,43.0,37.0,Community 2
1096,1,0.0547945205479452,3.770013110645675,0.0,0.0222457025299006,2,402.8990242808033,1,,,,SCATS 1096,,,,,1,402.8990242808033,,,,No large shift,,,,,65.0,71.0,Community 1
1109,4,0.0958904109589041,6.852778507978771,0.0487062404870624,0.111626799950939,2,543.3761017126424,26,شيخ مفيد شيخ صدوق,1109.0,شيخ مفيد شيخ صدوق,SCATS 1109 — شيخ مفيد شيخ صدوق,567.2743513608234,14.0,522.3235364440766,8.0,26,543.3761017126424,55.40850711227971,0.10197082083227466,0.34649542598906846,No large shift,-0.34649542598906846,0.29617913458835976,-0.15281417429365785,-0.07923999174106,38.0,25.0,Community 4
1112,4,0.0958904109589041,6.956093363238734,0.039193302891933,0.1318705693465316,2,601.4727505810524,25,هزار جریب آزادی,1106.0,هزار جریب آزادی,SCATS 1112 — هزار جریب آزادی,629.8908149030683,13.0,588.2536289149176,8.0,25,601.4727505810524,64.52775242443687,0.10728291907172831,0.34805568420811983,No large shift,-0.34805568420811983,0.3288542427374226,,-0.06610222756551565,24.0,21.0,Community 4
1113,2,0.0547945205479452,3.960955147532572,0.0,0.0781664069922932,2,609.2744933767298,25,دفاع مقدس,1080.0,دفاع مقدس,SCATS 1113 — دفاع مقدس,647.6418809360667,13.0,581.2742073588115,8.0,25,609.2744933767298,68.51489617634525,0.11245324877563972,0.3671377913972673,No large shift,-0.3645106754332236,0.3671377913972673,-0.07614279237097132,-0.10247588293908816,22.0,65.0,Community 2
1115,1,0.0821917808219178,5.892467716906561,0.0452815829528158,0.0407706169855331,2,668.1468889207138,13,,,,SCATS 1115,671.7222709890093,10.0,,,13,668.1468889207138,20.393886714803863,0.03052305870606833,0.04869834877150381,No large shift,,,,,14.0,34.0,Community 1
1116,4,0.0958904109589041,6.970587908552601,0.2264079147640791,0.1555532678286095,2,800.0990848080936,26,جنوب پل فردوسي,1116.0,جنوب پل فردوسي,SCATS 1116 — جنوب پل فردوسي,830.5428774137731,14.0,785.6275762125736,8.0,26,800.0990848080936,67.31963685673323,0.0841391249346074,0.2836826001121979,No large shift,-0.2836826001121979,0.25448508124346225,-0.15083568522227486,-0.054079449023825554,8.0,15.0,Community 4
1117,3,0.0821917808219178,5.945086371359832,0.0136986301369863,0.1010111390879308,2,436.10439048236026,26,هتل پل,1117.0,هتل پل,SCATS 1117 — هتل پل,441.4290903135469,14.0,445.0489474398836,8.0,26,436.10439048236026,31.173421072831488,0.07148155751963796,0.2671506329003408,No large shift,-0.2671506329003408,0.2598010313275423,0.01741652713844255,0.008200313947967164,62.0,32.0,Community 3
1119,4,0.1095890410958904,7.858907883755689,0.0125570776255707,0.1468486725623867,2,538.0360646315128,13,,,,SCATS 1119,535.9135853872131,10.0,,,13,538.0360646315128,12.070425284332204,0.022434230858853172,0.05438410996190468,No large shift,,,,,41.0,12.0,Community 4
1501,1,0.0684931506849315,4.876798995337593,0.0038051750380517,0.0258319022475582,2,577.5229292250652,24,جي – اريسون,1467.0,جي – اريسون,SCATS 1501 — جي – اريسون,592.5720955483171,13.0,573.4429647381033,7.0,24,577.5229292250652,41.171929937614564,0.07129055463280062,0.22377899650721833,No large shift,-0.22377899650721833,0.2218879542904768,-0.04255525052146625,-0.03228152482022162,29.0,50.0,Community 1
1502,1,0.0821917808219178,5.875107938634712,0.002283105022831,0.0248917821819508,2,577.14624821338,12,,,,SCATS 1502,582.1904432132964,9.0,,,12,577.14624821338,23.70071336133933,0.04106535117348074,0.1606456106506413,No large shift,,,,,30.0,35.0,Community 1
1503,1,0.0958904109589041,6.843485185528657,0.0308219178082191,0.0327298161232974,2,733.6954222638856,15,جي – شهيد رجائي,1466.0,جي – شهيد رجائي,SCATS 1503 — جي – شهيد رجائي,711.4390081103304,12.0,,,15,733.6954222638856,58.3348324662321,0.0795082410167349,0.1411092195511663,No large shift,,,,,10.0,26.0,Community 1
1504,1,0.0547945205479452,3.961726812506287,0.015220700152207,0.0206513358162616,2,574.1615561914899,25,جي – مسجد علي,1468.0,جي – مسجد علي,SCATS 1504 — جي – مسجد علي,588.5358798247115,13.0,558.2617517977294,8.0,25,574.1615561914899,38.93983064145853,0.06782033771078817,0.19852256490853626,No large shift,,0.19852256490853626,0.04728684063076094,-0.05143973216382136,32.0,64.0,Community 1
