source,target,profile_correlation,profile_distance
1001,1041,0.9967160401493655,0.0032839598506344547
1001,1058,0.9935651119541358,0.006434888045864229
1001,1002,0.9927824369286221,0.007217563071377886
1001,1051,0.9899358714945892,0.01006412850541083
1002,1041,0.9898811699155753,0.010118830084424713
1002,1058,0.9865294152929894,0.013470584707010569
1002,1051,0.977588037463936,0.022411962536064034
1010,1077,0.9951358762776306,0.00486412372236944
1010,1016,0.9944108370119065,0.005589162988093532
1010,1079,0.9941393535190074,0.005860646480992604
1010,1078,0.9935266795640073,0.006473320435992691
1010,1115,0.9926920291799622,0.007307970820037757
1012,1054,0.9952534269062252,0.004746573093774797
1012,1051,0.9940148214252534,0.0059851785747465636
1012,1038,0.9933751642582547,0.006624835741745327
1012,1053,0.9928605319101708,0.007139468089829237
1012,1058,0.9910578565389287,0.00894214346107125
1014,1030,0.9148201137411045,0.0851798862588955
1014,1034,0.9051444258788249,0.09485557412117507
1014,1109,0.905089748178709,0.09491025182129098
1014,1119,0.8976934966698867,0.10230650333011326
1016,1115,0.9955275314390241,0.00447246856097594
1016,1059,0.9946277373239208,0.005372262676079154
1016,1066,0.9932002545695001,0.006799745430499882
1016,1057,0.9915912946200395,0.008408705379960524
1016,1069,0.9911236671559841,0.0088763328440159
1016,1096,0.9385772424624466,0.06142275753755344
1017,1085,0.9406059861955335,0.05939401380446652
1017,1021,0.9383326526905041,0.06166734730949586
1017,1088,0.937494848487977,0.06250515151202296
1017,1083,0.9349330681880247,0.06506693181197531
1018,1059,0.9926489443964431,0.007351055603556866
1018,1115,0.992375481298915,0.007624518701085048
1018,1503,0.989900774229585,0.010099225770414999
1018,1074,0.989846836759528,0.010153163240471996
1018,1019,0.972494880584955,0.027505119415044965
1019,1502,0.9776360883407708,0.02236391165922924
1019,1115,0.9773688463045042,0.022631153695495843
1019,1503,0.9738398274664858,0.026160172533514214
1019,1096,0.952924110152399,0.04707588984760103
1021,1047,0.9929865866148349,0.007013413385165146
1021,1085,0.9871584525351724,0.012841547464827574
1021,1117,0.9840190389407706,0.015980961059229415
1021,1048,0.9838666462828464,0.01613335371715363
1028,1029,0.9924760144603715,0.007523985539628519
1028,1079,0.9923155913694964,0.00768440863050357
1028,1039,0.991655946481518,0.008344053518481998
1028,1040,0.9914496046719425,0.008550395328057458
1029,1078,0.9901748809892302,0.009825119010769767
1029,1058,0.9899987296670637,0.010001270332936296
1029,1039,0.989659928670755,0.01034007132924497
1030,1109,0.987778853435804,0.01222114656419604
1030,1034,0.9849900723191355,0.01500992768086451
1030,1090,0.9773928584277198,0.022607141572280165
1030,1082,0.9765581748930698,0.02344182510693016
1031,1032,0.9862196718446601,0.013780328155339916
1031,1083,0.9589270021517097,0.04107299784829033
1031,1034,0.9519889648631268,0.048011035136873215
1031,1094,0.9505226494768977,0.049477350523102315
1032,1034,0.9620391621689564,0.03796083783104365
1032,1094,0.9601432601234599,0.03985673987654015
1032,1083,0.956052953210416,0.043947046789584054
1033,1117,0.99268379763903,0.00731620236096997
1033,1035,0.9917119906949425,0.008288009305057464
1033,1085,0.9905082531251522,0.009491746874847773
1033,1083,0.9903263439785334,0.009673656021466637
1034,1035,0.9918861410474739,0.008113858952526143
1034,1093,0.9907259501773292,0.009274049822670771
1034,1109,0.9880310797082503,0.011968920291749674
1034,1112,0.9876546901929595,0.012345309807040517
1035,1093,0.997334711447212,0.0026652885527880255
1035,1112,0.9967919665845895,0.0032080334154105383
1035,1119,0.9943945389150617,0.005605461084938312
1035,1116,0.9935333301468096,0.006466669853190443
1035,1083,0.9929303015795254,0.007069698420474557
1035,1094,0.9924491052981627,0.007550894701837341
1036,1064,0.9968525836719742,0.0031474163280258427
1036,1080,0.9963148804083053,0.0036851195916947077
1036,1092,0.9961528651131938,0.003847134886806214
1036,1051,0.9961226410082913,0.0038773589917087126
1036,1082,0.9953834026228519,0.004616597377148146
1036,1109,0.99106522072941,0.008934779270590054
1036,1116,0.9959017115717395,0.004098288428260544
1037,1081,0.9974572923574989,0.0025427076425010853
1037,1051,0.9972238616246505,0.002776138375349513
1037,1038,0.997160042110013,0.0028399578899870326
1037,1066,0.9967047412826556,0.0032952587173443737
1038,1064,0.9975376712920074,0.002462328707992567
1038,1086,0.9973510962084694,0.002648903791530599
1038,1051,0.9970869770471378,0.002913022952862221
1038,1054,0.9961333354232833,0.003866664576716694
1038,1095,0.9956481554654951,0.004351844534504878
1039,1079,0.9975675699440159,0.002432430055984147
1039,1043,0.9966530359959963,0.003346964004003694
1039,1077,0.9958857389972012,0.004114261002798769
1039,1065,0.9955728443079387,0.004427155692061313
1039,1040,0.9954222977464215,0.004577702253578453
1039,1044,0.9930280322510004,0.006971967748999552
1039,1068,0.993226377968962,0.00677362203103804
1039,1078,0.9938236021039546,0.006176397896045405
1040,1065,0.9963564986181449,0.0036435013818550965
1040,1043,0.9959472047772991,0.004052795222700856
1040,1071,0.9954888234404449,0.00451117655955513
1040,1042,0.994068302746292,0.005931697253708013
1040,1067,0.9029447657715803,0.09705523422841966
1040,1070,0.9907836706327718,0.00921632936722816
1040,1072,0.9910759793503509,0.008924020649649145
1040,1074,0.9894429280440815,0.010557071955918484
1041,1058,0.9973892762240436,0.0026107237759563917
1041,1051,0.9957107666168996,0.004289233383100388
1041,1081,0.9929091241266952,0.007090875873304814
1042,1065,0.995078011672813,0.0049219883271870435
1042,1053,0.9950131905163909,0.004986809483609078
1042,1044,0.9930900705167469,0.0069099294832530855
1042,1070,0.9916707708053244,0.008329229194675603
1043,1071,0.9983251064328793,0.0016748935671206944
1043,1064,0.9979678388671884,0.002032161132811572
1043,1092,0.9967058306637114,0.003294169336288566
1043,1044,0.9926453836814709,0.0073546163185290725
1043,1053,0.9943011491067957,0.005698850893204321
1043,1065,0.9960155078612226,0.003984492138777385
1043,1079,0.996286125581264,0.0037138744187360517
1044,1065,0.993373232658649,0.006626767341351036
1047,1048,0.9889097390886283,0.011090260911371663
1047,1117,0.9862668939539146,0.013733106046085353
1047,1070,0.9861277931537591,0.013872206846240909
1048,1116,0.9974012728224717,0.0025987271775282927
1048,1117,0.9955775555282365,0.0044224444717635425
1048,1119,0.9930736902709341,0.006926309729065938
1048,1092,0.9927472537160337,0.007252746283966327
1051,1081,0.9979448407559688,0.0020551592440312128
1051,1066,0.9966575921666405,0.003342407833359484
1051,1058,0.9925337399080786,0.007466260091921417
1051,1090,0.9895165068955487,0.010483493104451291
1053,1054,0.9951484169443583,0.004851583055641706
1053,1065,0.9946686853713129,0.005331314628687078
1054,1064,0.9949000918857733,0.00509990811422667
1057,1069,0.9972712359945461,0.0027287640054538542
1057,1075,0.9965844949587952,0.0034155050412048027
1057,1077,0.9920156868150124,0.007984313184987601
1057,1504,0.9833772995624975,0.01662270043750247
1059,1115,0.9949301069416752,0.005069893058324837
1059,1503,0.9930337877567451,0.006966212243254888
1059,1074,0.9902289727668756,0.009771027233124396
1059,1501,0.9844467865235423,0.015553213476457661
1059,1502,0.9787358852553886,0.02126411474461143
1064,1084,0.9972126812789612,0.0027873187210387673
1064,1092,0.9970473252102287,0.002952674789771348
1064,1071,0.9963832879417224,0.003616712058277627
1064,1080,0.9958680239177946,0.004131976082205391
1065,1071,0.9957663085082123,0.00423369149178765
1065,1085,0.9946723943223811,0.0053276056776189185
1065,1088,0.9908523397059255,0.009147660294074544
1066,1086,0.9980615267709093,0.001938473229090687
1066,1081,0.9971237136869132,0.0028762863130867844
1066,1069,0.9910226941831819,0.008977305816818104
1066,1077,0.9961260793293367,0.003873920670663278
1066,1095,0.9963175774123111,0.003682422587688916
1066,1113,0.990151227905542,0.009848772094458003
1067,1503,0.9199417059149665,0.08005829408503351
1067,1501,0.9070386450778294,0.09296135492217061
1067,1068,0.9060076909027751,0.09399230909722489
1068,1078,0.9931148701423866,0.006885129857613359
1068,1079,0.9921793326418481,0.0078206673581519
1068,1077,0.9917535921049914,0.008246407895008634
1069,1075,0.9923877024977679,0.007612297502232135
1070,1072,0.9931723572733052,0.0068276427266947826
1070,1088,0.991449648287146,0.00855035171285401
1071,1092,0.997108222753257,0.0028917772467430547
1071,1072,0.990534876734632,0.00946512326536797
1071,1085,0.9904129911059429,0.009587008894057059
1072,1088,0.99525715792124,0.004742842078759968
1072,1074,0.9901114200272825,0.009888579972717526
1075,1078,0.9916922706341202,0.008307729365879757
1075,1077,0.9914917293084242,0.008508270691575781
1077,1079,0.9978576433265871,0.002142356673412893
1077,1078,0.9974851205610622,0.0025148794389378004
1078,1079,0.9966150246240658,0.003384975375934185
1080,1081,0.9958065961154728,0.004193403884527158
1080,1092,0.9957684924022536,0.004231507597746376
1081,1086,0.997201771110969,0.002798228889031029
1081,1084,0.9961147950385751,0.0038852049614248596
1081,1095,0.9950638442358254,0.00493615576417461
1081,1113,0.990128608076059,0.009871391923941042
1082,1109,0.9966056531498565,0.0033943468501435037
1082,1119,0.9949009546119864,0.0050990453880136455
1082,1112,0.9943795929726882,0.005620407027311813
1082,1090,0.993748745677469,0.006251254322531041
1083,1112,0.9899628567221954,0.010037143277804583
1083,1094,0.9891540811925655,0.010845918807434463
1084,1086,0.9974343217822724,0.002565678217727574
1084,1092,0.9965559474502491,0.0034440525497508867
1084,1113,0.9899150073517416,0.01008499264825835
1085,1088,0.9947635027450584,0.0052364972549415745
1086,1095,0.997830535075705,0.0021694649242950392
1086,1113,0.9907603041992289,0.009239695800771108
1090,1109,0.9919503074653491,0.008049692534650932
1090,1095,0.9891867883326773,0.010813211667322742
1092,1116,0.9963884873101834,0.0036115126898166316
1092,1117,0.9901938191402903,0.009806180859709746
1093,1119,0.9969782785916832,0.003021721408316802
1093,1112,0.996063836444649,0.00393616355535098
1093,1116,0.9951408478892869,0.004859152110713083
1093,1094,0.9911559534868841,0.008844046513115877
1093,1109,0.9922576453113924,0.007742354688607622
1094,1112,0.9957397925977597,0.0042602074022403125
1094,1119,0.9904893043177242,0.009510695682275805
1096,1115,0.9395737217424804,0.06042627825751956
1096,1502,0.9389380362883492,0.061061963711650846
1112,1119,0.9955006277238931,0.004499372276106861
1116,1117,0.9963452661575901,0.003654733842409885
1116,1119,0.9958769926545202,0.004123007345479768
1501,1504,0.9978281677629237,0.0021718322370762877
1501,1502,0.9960748286482686,0.003925171351731427
1501,1503,0.9914105673250292,0.00858943267497081
1502,1504,0.9944429612234782,0.0055570387765218054
1502,1503,0.9892801388784573,0.010719861121542662
1503,1504,0.9860783839573873,0.013921616042612661
