intersection_id,channel_id,intersection_records,observations,finite,invalid,zero,positive,volume,finite_rate,positive_rate
1001,1,76422,76422,72704,3718,4316,68388,1958867,0.9513490879589647,0.8948732040511894
1001,2,76422,76422,72837,3585,1416,71421,2630048,0.9530894245112664,0.9345607285860092
1001,3,76422,76422,72814,3608,2633,70181,2371475,0.9527884640548533,0.918335034414174
1001,4,76422,76422,72871,3551,397,72474,3894859,0.9535343225772683,0.948339483394834
1001,5,76422,76422,72895,3527,203,72692,4336366,0.9538483682709168,0.9511920651121405
1001,6,76422,76422,72891,3531,324,72567,3832883,0.9537960273219753,0.9495564104577215
1001,7,76422,76422,72238,4184,1879,70359,2683763,0.9452513674072911,0.9206642066420664
1001,8,76422,76422,72924,3498,1321,71603,3032924,0.9542278401507419,0.9369422417628431
1001,9,76422,76422,72924,3498,1163,71761,3428629,0.9542278401507419,0.9390097092460287
1001,10,76422,76422,72922,3500,6410,66512,2018999,0.9542016696762712,0.8703252989976709
1001,11,76422,76422,72919,3503,402,72517,3159503,0.9541624139645651,0.948902148595954
1001,12,76422,76422,72919,3503,2213,70706,2621395,0.9541624139645651,0.9252047839627332
1002,1,76422,76422,74286,2136,3151,71135,3048920,0.9720499332652901,0.9308183507366988
1002,2,76422,76422,74789,1633,2180,72609,3547546,0.9786318075946717,0.9501059904216064
1002,3,76422,76422,74731,1691,3288,71443,3067169,0.9778728638350214,0.934848603805187
1002,4,76422,76422,73576,2846,7124,66452,843973,0.9627594148281908,0.8695401847635498
1002,5,76422,76422,74780,1642,333,74447,2341453,0.9785140404595535,0.9741566564601816
1002,6,76422,76422,74664,1758,1412,73252,1711188,0.9769961529402528,0.958519797963937
1002,7,76422,76422,204,76218,204,0,0,0.0026693883960116197,0.0
1002,8,76422,76422,74804,1618,232,74572,3835089,0.9788280861532019,0.9757923111146005
1002,9,76422,76422,74800,1622,1100,73700,3027963,0.9787757452042606,0.9643819842453744
1002,10,76422,76422,74797,1625,4129,70668,1141604,0.9787364894925545,0.92470754494779
1002,11,76422,76422,74797,1625,911,73886,1965698,0.9787364894925545,0.9668158383711497
1002,12,76422,76422,74801,1621,3189,71612,2025833,0.9787888304414959,0.9370600088979614
1002,13,76422,76422,74801,1621,74801,0,0,0.9787888304414959,0.0
1002,14,76422,76422,74800,1622,74800,0,0,0.9787757452042606,0.0
1002,15,76422,76422,74798,1624,74798,0,0,0.9787495747297899,0.0
1002,16,76422,76422,74796,1626,74794,2,32,0.9787234042553191,2.6170474470702153e-05
1002,17,76422,76422,74793,1629,74793,0,0,0.9786841485436131,0.0
1002,18,76422,76422,74791,1631,74791,0,0,0.9786579780691423,0.0
1002,19,76422,76422,74792,1630,74792,0,0,0.9786710633063778,0.0
1002,20,76422,76422,74793,1629,74793,0,0,0.9786841485436131,0.0
1002,21,76422,76422,74794,1628,74794,0,0,0.9786972337808485,0.0
1002,22,76422,76422,74791,1631,74791,0,0,0.9786579780691423,0.0
1002,23,76422,76422,74789,1633,74789,0,0,0.9786318075946717,0.0
1002,24,76422,76422,74792,1630,74792,0,0,0.9786710633063778,0.0
1010,1,76422,76422,72486,3936,356,72130,5331275,0.9484965062416582,0.9438381617858732
1010,2,76422,76422,70595,5827,52,70543,6122302,0.9237523226296093,0.923071890293371
1010,3,76422,76422,17063,59359,17053,10,28,0.22327340294679543,0.00013085237235351078
1010,4,76422,76422,72528,3894,162,72366,2496767,0.9490460862055429,0.946926277773416
1010,5,76422,76422,72215,4207,46,72169,2367572,0.9449504069508781,0.9443484860380519
1010,6,76422,76422,72424,3998,268,72156,3256688,0.9476852215330664,0.9441783779539923
1010,7,76422,76422,72468,3954,298,72170,3445328,0.9482609719714219,0.9443615712752872
1010,8,76422,76422,73739,2683,33222,40517,4133841,0.964892308497553,0.5301745570647196
1010,9,76422,76422,73740,2682,2907,70833,2390393,0.9649053937347885,0.9268666090916229
1010,10,76422,76422,73738,2684,15893,57845,5998356,0.9648792232603177,0.756915547878883
1010,11,76422,40702,38171,2531,13865,24306,4262753,0.9378163235221857,0.5971696722519778
1012,1,76422,76422,72341,4081,21,72320,6683153,0.9465991468425322,0.9463243568605899
1012,2,76422,76422,72339,4083,38,72301,6705933,0.9465729763680616,0.9460757373531182
1012,3,76422,76422,71730,4692,157,71573,4351200,0.9386040668917327,0.9365496846457826
1012,4,76422,76422,71735,4687,350,71385,4238347,0.9386694930779095,0.9340896600455366
1012,5,76422,4159,4,4155,4,0,0,0.0009617696561673479,0.0
1012,6,76422,4159,4,4155,4,0,0,0.0009617696561673479,0.0
1012,7,76422,3548,2,3546,2,0,0,0.0005636978579481398,0.0
1012,8,76422,3548,2,3546,2,0,0,0.0005636978579481398,0.0
1012,9,76422,3548,2,3546,2,0,0,0.0005636978579481398,0.0
1012,10,76422,3548,2,3546,2,0,0,0.0005636978579481398,0.0
1012,11,76422,3548,2,3546,2,0,0,0.0005636978579481398,0.0
1012,12,76422,3548,2,3546,2,0,0,0.0005636978579481398,0.0
1012,13,76422,3548,2,3546,2,0,0,0.0005636978579481398,0.0
1012,14,76422,3548,2,3546,2,0,0,0.0005636978579481398,0.0
1012,15,76422,3548,2,3546,2,0,0,0.0005636978579481398,0.0
1012,16,76422,3548,2,3546,2,0,0,0.0005636978579481398,0.0
1012,17,76422,3548,2,3546,2,0,0,0.0005636978579481398,0.0
1012,18,76422,3548,2,3546,2,0,0,0.0005636978579481398,0.0
1012,19,76422,3548,2,3546,2,0,0,0.0005636978579481398,0.0
1012,20,76422,3548,2,3546,2,0,0,0.0005636978579481398,0.0
1012,21,76422,3548,2,3546,2,0,0,0.0005636978579481398,0.0
1012,22,76422,3548,2,3546,2,0,0,0.0005636978579481398,0.0
1012,23,76422,3548,2,3546,2,0,0,0.0005636978579481398,0.0
1012,24,76422,3548,2,3546,2,0,0,0.0005636978579481398,0.0
1014,1,76422,76422,76193,229,816,75377,4588771,0.9970034806731046,0.9863259270890581
1014,2,76422,76422,52467,23955,197,52270,5132910,0.6865431420271649,0.6839653502918008
1014,3,76422,76422,75291,1131,132,75159,7436810,0.9852005966868179,0.9834733453717516
1014,4,76422,76422,75303,1119,141,75162,9067441,0.9853576195336421,0.9835126010834576
1014,5,76422,76422,76226,196,798,75428,4162670,0.9974352935018712,0.986993274188061
1014,6,76422,76422,76241,181,406,75835,4000774,0.9976315720604014,0.992318965742849
1014,7,76422,76422,76258,164,165,76093,4890934,0.9978540210934024,0.9956949569495694
1014,8,76422,23268,21399,1869,57,21342,1610777,0.9196750902527075,0.9172253739040742
1014,9,76422,23268,8195,15073,4067,4128,895320,0.35220044696578995,0.1774110366168128
1014,10,76422,23268,6247,17021,2963,3284,746309,0.26848031631425134,0.14113804366511948
1014,11,76422,23268,7087,16181,3330,3757,698788,0.30458139934674233,0.16146639161079596
1016,1,76422,76422,40325,36097,1100,39225,2162881,0.5276621915155322,0.513268430556646
1016,2,76422,76422,73328,3094,416,72912,5232804,0.9595142759938238,0.9540708173039177
1016,3,76422,76422,73327,3095,418,72909,5518240,0.9595011907565885,0.9540315615922117
1016,4,76422,76422,73289,3133,626,72663,2192681,0.9590039517416451,0.9508125932323153
1016,5,76422,76422,73379,3043,689,72690,2442328,0.9601816230928266,0.9511658946376698
1016,6,76422,76422,73372,3050,660,72712,2196012,0.9600900264321792,0.9514537698568475
1016,7,76422,76422,72921,3501,1596,71325,2128691,0.9541885844390359,0.9333045458114155
1016,8,76422,76422,73389,3033,768,72621,3528530,0.9603124754651802,0.9502630132684305
1016,9,76422,76422,73385,3037,469,72916,4122168,0.9602601345162388,0.9541231582528591
1016,10,76422,76422,73384,3038,516,72868,4118332,0.9602470492790034,0.9534950668655623
1016,11,76422,76422,73384,3038,676,72708,2357894,0.9602470492790034,0.9514014289079061
1016,12,76422,76422,73384,3038,3544,69840,2404486,0.9602470492790034,0.9138729685169192
1017,1,76422,76422,38718,37704,16,38702,9304491,0.506634215278323,0.5064248514825573
1017,2,76422,76422,38717,37705,8,38709,8608915,0.5066211300410877,0.5065164481432048
1017,3,76422,76422,38716,37706,9,38707,7761821,0.5066080448038522,0.5064902776687341
1017,4,76422,76422,36947,39475,2196,34751,4348859,0.48346026013451626,0.4547250791656853
1017,5,76422,76422,36076,40346,1157,34919,4899677,0.47206301850252547,0.45692339902122425
1017,6,76422,76422,35953,40469,978,34975,5418046,0.47045353432257725,0.45765617230640393
1017,7,76422,76422,36926,39496,1623,35303,12363569,0.48318547015257385,0.46194813011959907
1017,8,76422,76422,38716,37706,922,37794,7810779,0.5066080448038522,0.4945434560728586
1017,9,76422,76422,38716,37706,944,37772,7130003,0.5066080448038522,0.4942555808536809
1017,10,76422,76422,38716,37706,1071,37645,5782477,0.5066080448038522,0.4925937557247913
1017,11,76422,76422,38716,37706,972,37744,5161763,0.5066080448038522,0.49388919421109106
1017,12,76422,76422,38716,37706,52,38664,6851408,0.5066080448038522,0.5059276124676141
1017,13,76422,76422,38716,37706,10,38706,7099431,0.5066080448038522,0.5064771924314988
1017,14,76422,76422,38715,37707,56,38659,12076355,0.5065949595666169,0.5058621862814373
1018,1,76422,76422,70075,6347,3084,66991,2083259,0.9169479992672267,0.876593127633404
1018,2,76422,76422,68852,7570,286,68566,2729603,0.9009447541283924,0.897202376279082
1018,3,76422,76422,70088,6334,1027,69061,2693885,0.9171181073512863,0.9036795687105807
1018,4,76422,76422,69259,7163,847,68412,4928208,0.9062704456831803,0.8951872497448379
1018,5,76422,76422,70185,6237,133,70052,4843574,0.9183873753631153,0.9166470388108137
1018,6,76422,76422,69715,6707,143,69572,4979062,0.9122373138625003,0.9103661249378451
1018,7,76422,76422,70188,6234,192,69996,1984283,0.9184266310748214,0.9159142655256339
1019,1,76422,76422,19701,56721,95,19606,876514,0.2577922587736516,0.25654916123629323
1019,2,76422,76422,19776,56646,47,19729,1389579,0.2587736515663029,0.2581586454162414
1019,3,76422,76422,19738,56684,48,19690,1277816,0.2582764125513596,0.2576483211640627
1019,4,76422,76422,19773,56649,54,19719,2049656,0.25873439585459684,0.2580277930438879
1019,5,76422,76422,19770,56652,326,19444,432766,0.2586951401428908,0.25442935280416634
1019,6,76422,76422,17895,58527,739,17156,304097,0.23416032032660752,0.22449033000968308
1019,7,76422,76422,53,76369,50,3,4,0.0006935175734736071,3.925571170605323e-05
1019,8,76422,76422,19768,56654,1916,17852,1126243,0.25866896966842007,0.2335976551254874
1019,9,76422,76422,19767,56655,12394,7373,539298,0.25865588443118476,0.09647745413624349
1019,10,76422,76422,19764,56658,11776,7988,763931,0.25861662871947866,0.1045248750359844
1019,11,76422,76422,19767,56655,1946,17821,1307317,0.25865588443118476,0.23319201277119153
1021,1,76422,76422,75841,581,857,74984,4368452,0.992397477166261,0.9811834288555652
1021,2,76422,76422,76349,73,117,76232,3912376,0.9990447776818193,0.9975138049252833
1021,3,76422,76422,76311,111,28,76283,5876513,0.9985475386668761,0.9981811520242863
1021,4,76422,76422,75789,633,245,75544,6047234,0.9917170448300228,0.9885111617073618
1021,5,76422,76422,76339,83,882,75457,3109115,0.9989139253094659,0.9873727460678862
1021,6,76422,76422,76353,69,15,76338,6412536,0.9990971186307608,0.9989008400722305
1021,7,76422,76422,76353,69,32,76321,5317716,0.9990971186307608,0.9986783910392295
1028,1,76167,76167,42299,33868,4138,38161,674214,0.5553454908293618,0.501017501017501
1028,2,76167,76167,42607,33560,895,41712,920314,0.5593892368085916,0.5476387411871283
1028,3,76167,76167,42618,33549,17,42601,4245544,0.5595336563078499,0.559310462536269
1028,4,76167,76167,42616,33551,58,42558,4517908,0.5595073982170756,0.5587459135846232
1028,5,76167,76167,42619,33548,16,42603,5267666,0.559546785353237,0.5593367206270432
1028,6,76167,76167,42619,33548,19,42600,3186671,0.559546785353237,0.5592973334908818
1028,7,76167,2713,2702,11,2702,0,0,0.9959454478437154,0.0
1028,8,76167,2713,2702,11,2702,0,0,0.9959454478437154,0.0
1028,9,76167,2713,2702,11,2702,0,0,0.9959454478437154,0.0
1028,10,76167,2713,2702,11,2702,0,0,0.9959454478437154,0.0
1028,11,76167,2713,2702,11,2702,0,0,0.9959454478437154,0.0
1028,12,76167,2713,2702,11,2702,0,0,0.9959454478437154,0.0
1029,1,76422,76422,74260,2162,216,74044,9071388,0.971709717097171,0.9688833058543351
1029,2,76422,76422,75322,1100,143,75179,8506386,0.9856062390411138,0.9837350501164586
1029,3,76422,76422,75291,1131,1921,73370,3077572,0.9852005966868179,0.9600638559577085
1029,4,76422,76422,75105,1317,4824,70281,1426402,0.9827667425610427,0.919643558137709
1029,5,76422,76422,75299,1123,1861,73438,1878589,0.9853052785847007,0.9609536520897124
1029,6,76422,76422,59298,17124,609,58689,3360935,0.7759283975818482,0.7679594881055194
1029,7,76422,76422,56313,20109,179,56134,5220087,0.7368689644343251,0.7345267069691973
1029,8,76422,76422,75317,1105,19526,55791,4901600,0.9855408128549371,0.730038470597472
1030,1,22819,22819,22717,102,68,22649,1639658,0.9955300407555108,0.9925500679258512
1030,2,22819,22819,22717,102,15,22702,1901719,0.9955300407555108,0.9948726938077918
1030,3,22819,22819,22717,102,80,22637,1396057,0.9955300407555108,0.9920241903676761
1030,4,22819,22819,22722,97,111,22611,1050988,0.9957491564047505,0.9908847889916298
1030,5,22819,22819,18031,4788,61,17970,770835,0.7901748542880933,0.7875016433673693
1030,6,22819,22819,22716,103,213,22503,1474461,0.9954862176256628,0.9861518909680529
1030,7,22819,22819,22723,96,15,22708,2098335,0.9957929795345983,0.9951356325868793
1030,8,22819,22819,22771,48,474,22297,1541569,0.9978964897672992,0.9771243262193786
1030,9,22819,22817,22771,46,1390,21381,352017,0.9979839593285708,0.9370644694745146
1030,10,22819,22817,22771,46,643,22128,565652,0.9979839593285708,0.9698032168996801
1031,1,76422,76422,73224,3198,4964,68260,2311231,0.9581534113213472,0.8931982936850645
1031,2,76422,76422,74735,1687,538,74197,3169896,0.9779252047839627,0.9708853471513439
1031,3,76422,76422,73809,2613,544,73265,2635514,0.9658082751040277,0.9586899060479966
1031,4,76422,76422,49092,27330,49092,0,0,0.6423804663578551,0.0
1031,5,76422,76422,75249,1173,2514,72735,2562586,0.9846510167229332,0.9517547303132606
1031,6,76422,76422,75574,848,326,75248,3584137,0.9889037188244223,0.9846379314856978
1031,7,76422,76422,75652,770,594,75058,3476162,0.9899243673287796,0.9821517364109811
1031,8,76422,76422,49085,27337,49085,0,0,0.6422888696972077,0.0
1031,9,76422,76422,76081,341,2089,73992,4332521,0.9955379341027453,0.9682028735180969
1031,10,76422,76422,76081,341,8508,67573,5680179,0.9955379341027453,0.8842087357043783
1031,11,76422,76422,76080,342,8837,67243,5111636,0.99552484886551,0.8798906074167124
1031,12,76422,76422,49084,27338,49084,0,0,0.6422757844599722,0.0
1031,13,76422,76422,76081,341,891,75190,4274661,0.9955379341027453,0.9838789877260474
1031,14,76422,76422,76079,343,1141,74938,4123354,0.9955117636282745,0.980581507942739
1031,15,76422,76422,76076,346,2297,73779,4158513,0.9954725079165685,0.9654157179869671
1032,1,76422,76422,72175,4247,6518,65657,1863893,0.944426997461464,0.8591374211614456
1032,2,76422,76422,73622,2800,2521,71101,1957276,0.963361335741017,0.9303734526706969
1032,3,76422,76422,73536,2886,1833,71703,1739946,0.9622360053387768,0.9382507654863783
1032,4,76422,76422,73862,2560,3468,70394,2043261,0.9665017926775012,0.9211221899453037
1032,5,76422,76422,75859,563,211,75648,6503283,0.9926330114364973,0.9898720263798383
1032,6,76422,76422,75828,594,332,75496,6606647,0.9922273690822014,0.987883070320065
1032,7,76422,76422,52046,24376,397,51649,4329835,0.6810342571510821,0.6758394179686478
1032,8,76422,76422,3539,72883,3539,0,0,0.04630865457590746,0.0
1032,9,76422,76422,75621,801,2795,72826,2698731,0.9895187249744838,0.9529454869016776
1032,10,76422,76422,75994,428,3370,72624,2625613,0.9943995184632698,0.9503022689801366
1032,11,76422,76422,75733,689,727,75006,7308721,0.9909842715448431,0.9814713040747429
1032,12,76422,76422,75013,1409,7414,67599,7480305,0.9815629007353903,0.8845489518724975
1032,13,76422,76422,51820,24602,394,51426,4977145,0.6780769935358928,0.6729214100651645
1032,14,76422,3548,3538,10,3538,0,0,0.9971815107102593,0.0
1033,1,76422,76422,75359,1063,332,75027,2992896,0.9860903928188218,0.9817460940566852
1033,2,76422,76422,75365,1057,65,75300,3644750,0.9861689042422339,0.985318363821936
1033,3,76422,76422,74799,1623,178,74621,8051403,0.9787626599670252,0.9764334877391327
1033,4,76422,76422,75364,1058,77,75287,2597725,0.9861558190049986,0.9851482557378766
1033,5,76422,76422,75353,1069,433,74920,2450855,0.9860118813954097,0.9803459736725026
1033,6,76422,76422,75266,1156,2569,72697,1873340,0.9848734657559342,0.9512574912983173
1033,7,76422,76422,75357,1065,332,75025,2866596,0.9860642223443511,0.9817199235822145
1033,8,76422,76422,75529,893,567,74962,2874843,0.9883148831488315,0.9808955536363875
1033,9,76422,76422,75528,894,2664,72864,1726299,0.9883017979115961,0.9534427259166208
1033,10,76422,76422,75528,894,1003,74525,2319991,0.9883017979115961,0.975177304964539
1034,1,76422,76422,74465,1957,1896,72569,2584199,0.9743921907304179,0.9495825809321923
1034,2,76422,76422,75828,594,35,75793,4509494,0.9922273690822014,0.9917693857789641
1034,3,76422,76422,75818,604,152,75666,4270240,0.992096516709848,0.9901075606500745
1034,4,76422,76422,74533,1889,5607,68926,1800727,0.9752819868624218,0.9019130616838084
1034,5,76422,76422,73867,2555,248,73619,5814643,0.966567218863678,0.963322080029311
1034,6,76422,76422,75816,606,171,75645,6848088,0.9920703462353773,0.9898327706681322
1034,7,76422,76422,75820,602,40,75780,4079728,0.9921226871843186,0.9915992776949046
1034,8,76422,76422,75825,597,656,75169,3578805,0.9921881133704954,0.9836041977441051
1034,9,76422,76422,75826,596,1533,74293,2647638,0.9922011986077307,0.9721415299259376
1034,10,76422,76422,75825,597,970,74855,2613122,0.9921881133704954,0.9794954332522049
1034,11,76422,76422,75824,598,75811,13,269,0.9921750281332601,0.000170108084059564
1035,1,76422,76422,74939,1483,1271,73668,4738695,0.9805945931799743,0.9639632566538431
1035,2,76422,76422,74961,1461,143,74818,6060966,0.980882468399152,0.9790112794744968
1035,3,76422,76422,74959,1463,199,74760,5173589,0.9808562979246813,0.9782523357148465
1035,4,76422,76422,74528,1894,551,73977,1869296,0.9752165606762451,0.9680065949595666
1035,5,76422,76422,74489,1933,421,74068,3582569,0.9747062364240664,0.9691973515479836
1035,6,76422,76422,74467,1955,870,73597,3266869,0.9744183612048887,0.9630342048101332
1035,7,76422,76422,74308,2114,296,74012,4911189,0.9723378084844678,0.9684645782628039
1035,8,76422,76422,75462,960,1303,74159,4427423,0.9874381722540629,0.9703881081364005
1035,9,76422,76422,75461,961,2631,72830,3576396,0.9874250870168276,0.9529978278506189
1035,10,76422,76422,75459,963,3772,71687,4109463,0.9873989165423569,0.9380414016906127
1035,11,76422,76422,75458,964,104,75354,4860901,0.9873858313051216,0.986024966632645
1035,12,76422,46962,46702,260,23444,23258,1658462,0.9944636088752609,0.4952514799199353
1036,1,76422,76422,75866,556,76,75790,11367575,0.9927246080971448,0.9917301300672581
1036,2,76422,76422,75862,560,102,75760,10351643,0.9926722671482034,0.9913375729501975
1036,3,76422,76422,73652,2770,73652,0,0,0.9637538928580776,0.0
1036,4,76422,76422,75884,538,106,75778,3521325,0.9929601423673812,0.9915731072204339
1036,5,76422,76422,75873,549,179,75694,3358635,0.9928162047577923,0.9904739472926645
1036,6,76422,76422,73652,2770,73652,0,0,0.9637538928580776,0.0
1036,7,76422,76422,57590,18832,2342,55248,4297817,0.7535788123838685,0.7229331867786764
1036,8,76422,76422,76163,259,18464,57699,6533785,0.9966109235560441,0.7550051032425218
1036,9,76422,76422,76164,258,19406,56758,4892113,0.9966240087932794,0.7426918950040564
1036,10,76422,76422,76162,260,7738,68424,1803484,0.9965978383188088,0.895344272591662
1036,11,76422,76422,76162,260,1571,74591,2837048,0.9965978383188088,0.9760409306220722
1036,12,76422,76422,76162,260,5806,70356,6186815,0.9965978383188088,0.9206249509303603
1036,13,76422,76422,76162,260,2574,73588,2739496,0.9965978383188088,0.962916437675015
1037,1,76422,76422,246,76176,157,89,7374,0.003218968359896365,0.0011645861139462459
1037,2,76422,76422,36988,39434,119,36869,1658210,0.4839967548611656,0.48243961163015886
1037,3,76422,76422,37292,39130,437,36855,1490788,0.48797466698071235,0.48225641830886395
1037,4,76422,76422,36880,39542,1158,35722,1344033,0.4825835492397477,0.46743084452121114
1037,5,76422,76422,37547,38875,2539,35008,1227033,0.4913114024757269,0.4580879851351705
1037,6,76422,76422,36955,39467,413,36542,1621997,0.483564942032399,0.47816073905419904
1037,7,76422,76422,36946,39476,578,36368,1401991,0.4834471748972809,0.47588390777524797
1037,8,76422,76422,36958,39464,1013,35945,1056384,0.4836041977441051,0.4703488524246945
1037,9,76422,76422,38782,37640,1919,36863,1587011,0.5074716704613854,0.4823611002067468
1037,10,76422,76422,36958,39464,63,36895,1508801,0.4836041977441051,0.482779827798278
1037,11,76422,76422,36958,39464,210,36748,1528870,0.4836041977441051,0.4808562979246814
1037,12,76422,76422,36957,39465,654,36303,1335308,0.48359111250686976,0.47503336735495016
1038,1,76422,76422,58628,17794,188,58440,1693144,0.7671612886341629,0.7647012640339169
1038,2,76422,76422,58620,17802,871,57749,1747836,0.7670566067362802,0.7556593651042893
1038,3,76422,76422,58625,17797,982,57643,1700389,0.7671220329224568,0.7542723299573422
1038,4,76422,76422,42841,33581,1982,40859,2838711,0.5605846483996755,0.5346497081992097
1038,5,76422,76422,38941,37481,287,38654,2908705,0.5095522231818063,0.5057967600952605
1038,6,76422,76422,3600,72822,94,3506,258522,0.04710685404726388,0.04587684174714088
1038,7,76422,76422,42916,33506,268,42648,3100884,0.5615660411923268,0.5580591976132527
1038,8,76422,76422,58646,17776,58630,16,24,0.7673968229043993,0.00020936379576561723
1038,9,76422,76422,58644,17778,9345,49299,1812063,0.7673706524299285,0.6450891104655727
1038,10,76422,76422,58644,17778,9217,49427,2057153,0.7673706524299285,0.6467640208316977
1038,11,76422,76422,58644,17778,12202,46442,1513360,0.7673706524299285,0.6077045876841747
1038,12,76422,76422,58643,17779,1977,56666,2310325,0.7673575671926932,0.7414880531784042
1038,13,76422,76422,58644,17778,343,58301,2525611,0.7673706524299285,0.7628824160582032
1038,14,76422,76422,58641,17781,12910,45731,1962620,0.7673313967182225,0.5984009840098401
1038,15,76422,76422,58640,17782,16407,42233,1226495,0.7673183114809872,0.552628824160582
1039,1,76422,76422,73768,2654,3816,69952,1463821,0.9652717803773783,0.9153385150872785
1039,2,76422,76422,76061,361,2515,73546,2055073,0.9952762293580383,0.9623668577111303
1039,3,76422,76422,74216,2206,713,73503,2449862,0.9711339666588156,0.9618041925100103
1039,4,76422,76422,75988,434,3089,72899,2393434,0.9943210070398576,0.9539007092198581
1039,5,76422,76422,76150,272,62,76088,5700259,0.9964408154719845,0.9956295307633928
1039,6,76422,76422,74550,1872,7022,67528,1201907,0.9755044358954228,0.8836199000287875
1039,7,76422,76422,76144,278,59,76085,2986486,0.9963623040485724,0.9955902750516867
1039,8,76422,76422,76144,278,2128,74016,3641047,0.9963623040485724,0.9685169192117453
1039,9,76422,76422,76147,275,67,76080,4325618,0.9964015597602784,0.99552484886551
1039,10,76422,76422,76144,278,510,75634,5925375,0.9963623040485724,0.9896888330585434
1039,11,76422,76422,75896,526,9767,66129,2307645,0.9931171652142053,0.8653136531365314
1039,12,76422,76422,76141,281,64,76077,4797769,0.9963230483368664,0.9954855931538039
1040,1,76422,76422,42804,33618,51,42753,3454473,0.5601004946219675,0.5594331475229646
1040,2,76422,76422,42831,33591,121,42710,2802053,0.5604537960273219,0.5588704823218444
1040,3,76422,76422,42822,33600,591,42231,1149084,0.5603360288922038,0.5526026536861113
1040,4,76422,76422,42322,34100,84,42238,1666732,0.5537934102745283,0.5526942503467588
1040,5,76422,76422,38468,37954,493,37975,1460931,0.5033629059694852,0.4969118840124572
1040,6,76422,76422,42823,33599,41,42782,4205814,0.5603491141294392,0.5598126194027898
1040,7,76422,76422,42828,33594,39,42789,4080419,0.5604145403156159,0.5599042160634372
1040,8,76422,76422,42823,33599,44,42779,2470720,0.5603491141294392,0.5597733636910838
1040,9,76422,76422,42825,33597,52,42773,1536343,0.5603752846039098,0.5596948522676716
1040,10,76422,76422,42088,34334,2417,39671,1025044,0.5507314647614562,0.5191044463636125
1040,11,76422,76422,42091,34331,368,41723,1153075,0.5507707204731622,0.545955353170553
1041,1,40891,40891,36881,4010,180,36701,1963952,0.9019344109950845,0.8975324643564598
1041,2,40891,40891,36846,4045,207,36639,2203762,0.901078476926463,0.8960162382920447
1041,3,40891,40891,30662,10229,287,30375,1556671,0.7498471546306034,0.7428284952679074
1041,4,40891,40891,36761,4130,1233,35528,1460705,0.8989997799026681,0.8688464454280893
1041,5,40891,40891,36739,4152,1004,35735,1384758,0.8984617642023918,0.8739086840625077
1041,6,40891,40891,36744,4147,161,36583,2435435,0.8985840404979091,0.8946467437822504
1041,7,40891,40891,36765,4126,214,36551,2055152,0.899097600939082,0.8938641754909393
1041,8,40891,40891,37321,3570,1534,35787,1546500,0.9126947250006113,0.8751803575358881
1041,9,40891,40891,37318,3573,3387,33931,1183469,0.912621359223301,0.8297913966398474
1041,10,40891,40891,37291,3600,3233,34058,1204448,0.9119610672275072,0.8328972145459881
1042,1,76422,76422,75905,517,76,75829,5298982,0.9932349323493235,0.9922404543194369
1042,2,76422,76422,75896,526,51,75845,4849196,0.9931171652142053,0.9924498181152024
1042,3,76422,76422,73738,2684,330,73408,3384190,0.9648792232603177,0.9605610949726519
1042,4,76422,76422,75894,528,180,75714,4579646,0.9930909947397346,0.9907356520373715
1042,5,76422,76422,75898,524,34,75864,6215565,0.9931433356886761,0.9926984376226741
1042,6,76422,76422,75880,542,1282,74598,2046074,0.9929078014184397,0.9761325272827196
1042,7,76422,76422,75891,531,75891,0,0,0.9930517390280286,0.0
1043,1,76422,76422,63317,13105,3539,59778,1333850,0.8285179660307241,0.7822093114548166
1043,2,76422,76422,63469,12953,195,63274,6658759,0.8305069220904975,0.827955300829604
1043,3,76422,76422,63465,12957,27,63438,7616756,0.8304545811415561,0.8301012797362016
1043,4,76422,76422,63460,12962,26,63434,7590167,0.8303891549553793,0.8300489387872602
1043,5,76422,76422,63458,12964,31,63427,7214748,0.8303629844809086,0.8299573421266128
1043,6,76422,76422,63457,12965,28,63429,9292547,0.8303498992436733,0.8299835126010835
1043,7,76422,76422,63318,13104,2409,60909,4045171,0.8285310512679595,0.7970087147679987
1043,8,76422,76422,63446,12976,4550,58896,2582879,0.8302059616340844,0.770668132213237
1043,9,76422,76422,63438,12984,28,63410,10085683,0.8301012797362016,0.8297348930936118
1043,10,76422,76422,63431,12991,50,63381,7181941,0.8300096830755541,0.8293554212137866
1043,11,76422,76422,63426,12996,2267,61159,10540073,0.8299442568893775,0.8002800240768365
1043,12,76422,76422,63425,12997,1152,62273,6529181,0.829931171652142,0.8148569783570176
1043,13,76422,76422,63420,13002,2509,60911,4102132,0.8298657454659653,0.7970348852424695
1043,14,76422,76422,63420,13002,58441,4979,6041,0.8298657454659653,0.06515139619481301
1043,15,76422,76422,63422,13000,39128,24294,100217,0.829891915940436,0.31789275339561907
1043,16,76422,76422,63416,13006,1633,61783,4394379,0.8298134045170239,0.8084452121116956
1044,1,76422,76422,75799,623,4246,71553,2417024,0.9918478972023763,0.9362879799010756
1044,2,76422,76422,76223,199,90,76133,3194280,0.9973960377901652,0.9962183664389835
1044,3,76422,76422,76209,213,447,75762,2968818,0.9972128444688703,0.9913637434246683
1044,4,76422,76422,76221,201,155,76066,2849650,0.9973698673156944,0.995341655544215
1044,5,76422,76422,75637,785,975,74662,2630713,0.9897280887702494,0.9769699824657821
1044,6,76422,76422,76220,202,214,76006,2536324,0.9973567820784591,0.994556541310094
1044,7,76422,76422,75935,487,946,74989,4120702,0.993627489466384,0.9812488550417419
1044,8,76422,76422,76221,201,60,76161,5458170,0.9973698673156944,0.9965847530815733
1044,9,76422,76422,76223,199,83,76140,4670273,0.9973960377901652,0.996309963099631
1044,10,76422,76422,76221,201,485,75736,2981396,0.9973698673156944,0.9910235272565492
1044,11,76422,76422,76220,202,98,76122,2989326,0.9973567820784591,0.9960744288293947
1045,1,513,513,0,513,0,0,0,0.0,0.0
1045,2,513,513,0,513,0,0,0,0.0,0.0
1045,3,513,513,0,513,0,0,0,0.0,0.0
1045,4,513,513,0,513,0,0,0,0.0,0.0
1045,5,513,513,0,513,0,0,0,0.0,0.0
1045,6,513,513,0,513,0,0,0,0.0,0.0
1045,7,513,513,0,513,0,0,0,0.0,0.0
1045,8,513,513,0,513,0,0,0,0.0,0.0
1045,9,513,513,0,513,0,0,0,0.0,0.0
1045,10,513,513,0,513,0,0,0,0.0,0.0
1045,11,513,4,0,4,0,0,0,0.0,0.0
1045,12,513,4,0,4,0,0,0,0.0,0.0
1045,13,513,4,0,4,0,0,0,0.0,0.0
1045,14,513,4,0,4,0,0,0,0.0,0.0
1045,15,513,4,0,4,0,0,0,0.0,0.0
1045,16,513,4,0,4,0,0,0,0.0,0.0
1045,17,513,4,0,4,0,0,0,0.0,0.0
1045,18,513,4,0,4,0,0,0,0.0,0.0
1045,19,513,4,0,4,0,0,0,0.0,0.0
1045,20,513,4,0,4,0,0,0,0.0,0.0
1045,21,513,4,0,4,0,0,0,0.0,0.0
1045,22,513,4,0,4,0,0,0,0.0,0.0
1045,23,513,4,0,4,0,0,0,0.0,0.0
1045,24,513,4,0,4,0,0,0,0.0,0.0
1047,1,76422,76422,75525,897,227,75298,5240375,0.9882625421998901,0.9852921933474654
1047,2,76422,76422,75524,898,80,75444,3878531,0.9882494569626548,0.9872026379838267
1047,3,76422,76422,75924,498,65,75859,7636181,0.9934835518567952,0.9926330114364973
1047,4,76422,76422,75796,626,147,75649,6449739,0.9918086414906703,0.9898851116170736
1047,5,76422,76422,75921,501,106,75815,4658564,0.9934442961450891,0.9920572609981418
1047,6,76422,76422,75922,500,56,75866,4601079,0.9934573813823244,0.9927246080971448
1047,7,76422,76422,75424,998,631,74793,5463606,0.9869409332391196,0.9786841485436131
1047,8,76422,76422,75923,499,2941,72982,2435745,0.9934704666195598,0.9549867839103923
1048,1,76422,76422,75454,968,62,75392,10666823,0.9873334903561801,0.9865222056475884
1048,2,76422,76422,75618,804,216,75402,8893150,0.9894794692627777,0.9866530580199419
1048,3,76422,76422,75429,993,772,74657,2375326,0.9870063594252964,0.9769045562796054
1048,4,76422,76422,75447,975,306,75141,2649563,0.9872418936955327,0.9832378111015153
1048,5,76422,76422,75487,935,341,75146,5646782,0.9877653031849467,0.983303237287692
1048,6,76422,76422,75450,972,63,75387,6575941,0.9872811494072388,0.9864567794614116
1051,1,76422,76422,72539,3883,938,71601,4445825,0.9491900238151317,0.9369160712883725
1051,2,76422,76422,72540,3882,154,72386,5253078,0.9492031090523672,0.9471879825181231
1051,3,76422,76422,72538,3884,657,71881,3491463,0.9491769385778964,0.9405799377142707
1051,4,76422,76422,72544,3878,178,72366,6893405,0.9492554500013085,0.946926277773416
1051,5,76422,76422,72538,3884,121,72417,6296976,0.9491769385778964,0.9475936248724189
1053,1,76422,76422,76121,301,108,76013,4504088,0.9960613435921594,0.9946481379707414
1053,2,76422,76422,155,76267,155,0,0,0.002028211771479417,0.0
1053,3,76422,76422,76114,308,311,75803,3152608,0.9959697469315119,0.9919002381513177
1053,4,76422,76422,72516,3906,1660,70856,3244716,0.9488890633587187,0.9271675695480359
1053,5,76422,76422,76114,308,260,75854,4820812,0.9959697469315119,0.9925675852503206
1053,6,76422,76422,76123,299,46,76077,5280098,0.99608751406663,0.9954855931538039
1053,7,76422,76422,75623,799,1273,74350,2269425,0.9895448954489545,0.9728873884483525
1053,8,76422,76422,76121,301,9795,66326,1808752,0.9960613435921594,0.8678914448718955
1053,9,76422,76422,76121,301,76112,9,9,0.9960613435921594,0.00011776713511815969
1054,1,76422,76422,59125,17297,223,58902,3394285,0.7736646515401324,0.7707466436366491
1054,2,76422,76422,57970,18452,163,57807,3285800,0.7585512025333019,0.7564183088639397
1054,3,76422,76422,39583,36839,95,39488,2236171,0.5179529454869016,0.5167098479495433
1054,4,76422,76422,39615,36807,1156,38459,1741351,0.5183716730784329,0.5032451388343671
1054,5,76422,76422,59127,17295,59127,0,0,0.7736908220146032,0.0
1054,6,76422,76422,59123,17299,162,58961,3555276,0.7736384810656617,0.7715186726335348
1054,7,76422,76422,51487,24935,1438,50049,3259060,0.6737196095365209,0.6549030383920861
1054,8,76422,76422,59123,17299,9964,49159,3165181,0.7736384810656617,0.6432571772526235
1054,9,76422,76422,59123,17299,790,58333,2704411,0.7736384810656617,0.7633011436497343
1057,1,76422,76422,74866,1556,428,74438,3488388,0.9796393708617938,0.9740388893250634
1057,2,76422,76422,76283,139,1823,74460,3301009,0.9981811520242863,0.9743267645442412
1057,3,76422,76422,76292,130,74,76218,5078024,0.9982989191594044,0.9973306116039884
1057,4,76422,76422,76291,131,20,76271,7841746,0.998285833922169,0.998024129177462
1057,5,76422,76422,76285,137,218,76067,4609118,0.9982073224987569,0.9953547407814504
1057,6,76422,76422,76282,140,1602,74680,3932649,0.9981680667870508,0.9772055167360184
1057,7,76422,76422,76293,129,38,76255,3948674,0.9983120043966397,0.9978147653816963
1057,8,76422,76422,76295,127,3947,72348,5769471,0.9983381748711104,0.9466907435031797
1057,9,76422,76422,76295,127,4345,71950,3887280,0.9983381748711104,0.94148281908351
1057,10,76422,76422,76294,128,205,76089,5003378,0.998325089633875,0.9956426160006281
1058,1,70255,70255,66216,4039,1414,64802,2113993,0.9425094299338126,0.9223827485588214
1058,2,70255,70255,66189,4066,2694,63495,1625170,0.9421251156501317,0.9037790904561953
1058,3,70255,70255,66233,4022,401,65832,2150643,0.9427514055939079,0.9370436267881289
1058,4,70255,70255,66236,4019,139,66097,3544394,0.9427941071809836,0.9408156003131449
1058,5,70255,70255,66231,4024,452,65779,3931355,0.9427229378691908,0.9362892320831258
1058,6,70255,70255,65439,4816,1308,64131,1556983,0.9314497188812184,0.9128318269162338
1058,7,70255,70255,66228,4027,201,66027,1989797,0.9426802362821152,0.9398192299480465
1058,8,70255,70255,66232,4023,2261,63971,1575234,0.9427371717315494,0.9105544089388655
1058,9,70255,70255,66230,4025,87,66143,2937447,0.9427087040068323,0.9414703579816384
1058,10,70255,70255,66230,4025,237,65993,3420314,0.9427087040068323,0.9393352786278557
1059,1,76422,76422,39013,37409,90,38923,1030085,0.5104943602627515,0.50931668891157
1059,2,76422,76422,39012,37410,292,38720,1076707,0.5104812750255162,0.5066603857527937
1059,3,76422,76422,39012,37410,63,38949,1828894,0.5104812750255162,0.5096569050796891
1059,4,76422,76422,39012,37410,24,38988,2177411,0.5104812750255162,0.5101672293318678
1059,5,76422,76422,39010,37412,129,38881,1400796,0.5104551045510455,0.5087671089476852
1059,6,76422,76422,39009,37413,24,38985,1711813,0.5104420193138102,0.5101279736201617
1059,7,76422,76422,39009,37413,27,38982,1862996,0.5104420193138102,0.5100887179084557
1059,8,76422,76422,39009,37413,79,38930,1823997,0.5104420193138102,0.5094082855722174
1064,1,43282,43282,22738,20544,194,22544,1462420,0.5253454091770251,0.520863176378171
1064,2,43282,43282,40667,2615,136,40531,2055276,0.939582274386581,0.9364400905688277
1064,3,43282,43282,5,43277,5,0,0,0.00011552146388799039,0.0
1064,4,43282,43282,40686,2596,699,39987,1554564,0.9400212559493554,0.9238713552978143
1064,5,43282,40627,38008,2619,228,37780,1253513,0.9355354813301499,0.9299234499224653
1064,6,43282,40627,37651,2976,391,37260,1723804,0.9267482216260122,0.9171240800452901
1064,7,43282,40627,38858,1769,176,38682,1649317,0.9564575282447634,0.9521254338247963
1064,8,43282,40627,38967,1660,284,38683,2447346,0.959140473084402,0.952150047997637
1064,9,43282,40627,38966,1661,202,38764,1916098,0.9591158589115613,0.9541437959977355
1064,10,43282,1,0,1,0,0,0,0.0,0.0
1065,1,76422,76422,39077,37345,290,38787,1626133,0.5113318154458141,0.5075370966475622
1065,2,76422,76422,39060,37362,374,38686,2067036,0.511109366412813,0.5062154876867918
1065,3,76422,76422,38478,37944,82,38396,3173314,0.5034937583418387,0.5024207688885399
1065,4,76422,76422,39080,37342,74,39006,2299105,0.5113710711575201,0.5104027636021041
1065,5,76422,76422,39086,37336,283,38803,1846151,0.5114495825809322,0.5077464604433278
1065,6,76422,76422,11707,64715,203,11504,431261,0.15318887231425507,0.1505325691554788
1065,7,76422,76422,11806,64616,380,11426,383967,0.1544843108005548,0.1495119206511214
1065,8,76422,76422,39086,37336,245,38841,1494292,0.5114495825809322,0.5082436994582712
1065,9,76422,76422,39079,37343,325,38754,1484623,0.5113579859202847,0.5071052838187956
1066,1,76422,76422,88,76334,87,1,1,0.0011515008767108948,1.3085237235351077e-05
1066,2,76422,76422,56954,19468,546,56408,1952210,0.7452566015021852,0.7381120619716836
1066,3,76422,76422,56949,19473,934,56015,1725275,0.7451911753160084,0.7329695637381906
1066,4,76422,76422,56933,19489,1661,55272,2147278,0.7449818115202429,0.7232472324723247
1066,5,76422,76422,56968,19454,23,56945,4405158,0.7454397948234801,0.7451388343670671
1066,6,76422,76422,56961,19461,169,56792,3305220,0.7453481981628327,0.7431367930700583
1066,7,76422,76422,55920,20502,2038,53882,2463367,0.7317264662008323,0.7050587527151867
1066,8,76422,76422,56967,19455,730,56237,1691910,0.7454267095862448,0.7358744864044385
1066,9,76422,76422,56967,19455,930,56037,1915258,0.7454267095862448,0.7332574389573683
1066,10,76422,76422,56969,19453,1124,55845,1905367,0.7454528800607155,0.7307450734081808
1066,11,76422,76422,56969,19453,1265,55704,2685015,0.7454528800607155,0.7289000549579964
1066,12,76422,76422,56967,19455,879,56088,3387010,0.7454267095862448,0.7339247860563712
1066,13,76422,76422,56967,19455,1207,55760,3103387,0.7454267095862448,0.7296328282431761
1066,14,76422,76422,56967,19455,2997,53970,2248161,0.7454267095862448,0.7062102535918976
1067,1,76422,76422,39255,37167,85,39170,1232309,0.5136609876737065,0.5125487425087016
1067,2,76422,76422,39256,37166,30,39226,1788314,0.5136740729109419,0.5132815157938814
1067,3,76422,76422,37571,38851,272,37299,2535300,0.4916254481693753,0.4880662636413598
1067,4,76422,76422,39257,37165,19,39238,5991692,0.5136871581481772,0.5134385386407055
1067,5,76422,76422,39255,37167,19,39236,5561414,0.5136609876737065,0.5134123681662348
1067,6,76422,76422,39096,37326,3082,36014,1383820,0.5115804349532858,0.4712517337939337
1067,7,76422,76422,39254,37168,20,39234,7380993,0.5136479024364712,0.5133861976917642
1067,8,76422,76422,39255,37167,19,39236,3566913,0.5136609876737065,0.5134123681662348
1067,9,76422,76422,39255,37167,65,39190,1558577,0.5136609876737065,0.5128104472534087
1067,10,76422,76422,39254,37168,5677,33577,1181249,0.5136479024364712,0.4393630106513831
1068,1,76422,76422,74075,2347,355,73720,7414300,0.969288948208631,0.9646436889900813
1068,2,76422,76422,73615,2807,62,73553,6141626,0.9632697390803695,0.9624584543717778
1068,3,76422,76422,60201,16221,180,60021,1666583,0.7877443668053702,0.785389024103007
1068,4,76422,76422,57606,18816,8804,48802,687588,0.7537881761796341,0.6385857475596033
1068,5,76422,76422,75741,681,86,75655,7109654,0.991088953442726,0.9899636230404857
1068,6,76422,76422,75748,674,63,75685,8256147,0.9911805501033734,0.9903561801575462
1068,7,76422,76422,75755,667,96,75659,4899247,0.9912721467640209,0.9900159639894272
1068,8,76422,76422,75843,579,161,75682,5388042,0.9924236476407318,0.9903169244458402
1069,1,76422,76422,72763,3659,653,72110,5764155,0.9521211169558504,0.9435764570411661
1069,2,76422,76422,74479,1943,1905,72574,4225324,0.9745753840517128,0.949648007118369
1069,3,76422,76422,74724,1698,391,74333,6172460,0.9777812671743739,0.9726649394153516
1069,4,76422,76422,74726,1696,436,74290,4658901,0.9778074376488446,0.9721022742142315
1069,5,76422,76422,74723,1699,412,74311,3167240,0.9777681819371385,0.9723770641961739
1069,6,76422,76422,74694,1728,900,73794,2384167,0.9773887100573133,0.9656119965454973
1069,7,76422,76422,74215,2207,7144,67071,1311603,0.9711208814215802,0.8776399466122321
1069,8,76422,76422,74768,1654,384,74384,7508585,0.9783570176127293,0.9733322865143545
1069,9,76422,76422,74768,1654,398,74370,7077446,0.9783570176127293,0.9731490931930596
1069,10,76422,76422,74766,1656,2918,71848,3607504,0.9783308471382586,0.9401481248855041
1070,1,76422,76422,39361,37061,41,39320,2087117,0.5150480228206538,0.5145115280940044
1070,2,76422,76422,39367,37055,32,39335,2008860,0.5151265342440658,0.5147078066525346
1070,3,76422,76422,39308,37114,1531,37777,1412386,0.5143545052471802,0.49432100703985765
1070,4,76422,76422,39327,37095,140,39187,3297944,0.5146031247546518,0.5127711915417027
1070,5,76422,76422,39345,37077,20,39325,3057680,0.5148386590248881,0.5145769542801811
1070,6,76422,76422,39355,37067,31,39324,3315107,0.5149695113972417,0.5145638690429457
1070,7,76422,76422,39367,37055,18,39349,3309521,0.5151265342440658,0.5148909999738295
1070,8,76422,76422,39367,37055,94,39273,2804327,0.5151265342440658,0.5138965219439429
1070,9,76422,76422,39366,37056,45,39321,3176854,0.5151134490068305,0.5145246133312397
1070,10,76422,76422,39366,37056,76,39290,3237193,0.5151134490068305,0.5141189709769438
1071,1,76422,76422,64002,12420,31,63971,3596480,0.8374813535369396,0.8370757111826438
1071,2,76422,76422,63981,12441,43,63938,4259840,0.8372065635549972,0.8366438983538772
1071,3,76422,76422,63985,12437,610,63375,3715086,0.8372589045039387,0.8292769097903745
1071,4,76422,76422,63933,12489,1639,62294,3006585,0.8365784721677004,0.81513176833896
1071,5,76422,76422,63384,13038,6311,57073,834737,0.8293946769254926,0.7468137447331921
1071,6,76422,76422,63941,12481,2003,61938,1221878,0.8366831540655832,0.810473423883175
1071,7,76422,76422,63997,12425,354,63643,1511730,0.8374159273507629,0.8327837533694485
1071,8,76422,76422,64000,12422,162,63838,3234652,0.8374551830624689,0.835335374630342
1071,9,76422,76422,64000,12422,53,63947,4861094,0.8374551830624689,0.8367616654889953
1071,10,76422,76422,64000,12422,59,63941,4811428,0.8374551830624689,0.8366831540655832
1071,11,76422,76422,63999,12423,55,63944,4010227,0.8374420978252336,0.8367224097772893
1071,12,76422,76422,63998,12424,2593,61405,1716976,0.8374290125879982,0.8034989924367328
1071,13,76422,76422,63979,12443,2302,61677,914021,0.8371803930805265,0.8070581769647484
1071,14,76422,76422,63996,12426,1460,62536,949646,0.8374028421135276,0.8182983957499149
1071,15,76422,76422,63994,12428,26221,37773,4978059,0.8373766716390568,0.49426866609091624
1071,16,76422,76422,63994,12428,27004,36990,2863641,0.8373766716390568,0.48402292533563634
1071,17,76422,4170,4092,78,4092,0,0,0.981294964028777,0.0
1071,18,76422,4170,4092,78,4092,0,0,0.981294964028777,0.0
1071,19,76422,4170,4092,78,4092,0,0,0.981294964028777,0.0
1071,20,76422,4170,4092,78,4092,0,0,0.981294964028777,0.0
1071,21,76422,4170,4091,79,4091,0,0,0.9810551558752998,0.0
1071,22,76422,4170,4091,79,4091,0,0,0.9810551558752998,0.0
1071,23,76422,4170,4091,79,4091,0,0,0.9810551558752998,0.0
1071,24,76422,4170,4091,79,4091,0,0,0.9810551558752998,0.0
1072,1,76422,76422,38786,37636,84,38702,1809813,0.5075240114103269,0.5064248514825573
1072,2,76422,76422,38784,37638,150,38634,1927809,0.5074978409358561,0.5055350553505535
1072,3,76422,76422,38786,37636,44,38742,3061688,0.5075240114103269,0.5069482609719714
1072,4,76422,76422,38701,37721,45,38656,3381239,0.506411766245322,0.5058229305697313
1072,5,76422,76422,38273,38149,47,38226,3123128,0.5008112847085918,0.5001962785585302
1072,6,76422,76422,201,76221,201,0,0,0.0026301326843055665,0.0
1072,7,76422,76422,38785,37637,43,38742,4756467,0.5075109261730916,0.5069482609719714
1072,8,76422,76422,38783,37639,43,38740,5017632,0.5074847556986208,0.5069220904975007
1072,9,76422,76422,38784,37638,47,38737,3296624,0.5074978409358561,0.5068828347857947
1072,10,76422,76422,38783,37639,203,38580,2282975,0.5074847556986208,0.5048284525398445
1072,11,76422,76422,38784,37638,43,38741,4828392,0.5074978409358561,0.5069351757347361
1072,12,76422,76422,38783,37639,52,38731,3554725,0.5074847556986208,0.5068043233623826
1072,13,76422,76422,38782,37640,43,38739,3138947,0.5074716704613854,0.5069090052602654
1072,14,76422,76422,35699,40723,35693,6,8,0.4671298840647981,7.851142341210646e-05
1074,1,76422,76422,38535,37887,43,38492,4228882,0.5042396168642538,0.5036769516631336
1074,2,76422,76422,38570,37852,31,38539,4600479,0.504697600167491,0.5042919578131951
1074,3,76422,76422,38570,37852,37,38533,4862431,0.504697600167491,0.504213446389783
1074,4,76422,76422,38579,37843,50,38529,3578787,0.5048153673026092,0.5041611054408417
1074,5,76422,76422,38580,37842,26,38554,1787803,0.5048284525398445,0.5044882363717255
1074,6,76422,76422,38570,37852,21,38549,1810431,0.504697600167491,0.5044228101855487
1074,7,76422,76422,38583,37839,72,38511,1881345,0.5048677082515506,0.5039255711706053
1074,8,76422,76422,38583,37839,19,38564,1929746,0.5048677082515506,0.5046190887440789
1074,9,76422,76422,38583,37839,125,38458,1890070,0.5048677082515506,0.5032320535971317
1075,1,76422,76422,71694,4728,602,71092,9501704,0.9381329983512601,0.9302556855355788
1075,2,76422,76422,71685,4737,613,71072,5865866,0.9380152312161419,0.9299939807908717
1075,3,76422,76422,71669,4753,775,70894,3749913,0.9378058674203763,0.9276648085629793
1075,4,76422,76422,5292,71130,5290,2,2,0.0692470754494779,2.6170474470702153e-05
1075,5,76422,76422,64178,12244,3014,61164,1798374,0.8397843552903614,0.8003454502630133
1075,6,76422,76422,71677,4745,610,71067,8361674,0.9379105493182591,0.929928554604695
1075,7,76422,76422,71083,5339,693,70390,8216529,0.9301379184004606,0.9210698489963624
1075,8,76422,76422,71680,4742,626,71054,6696179,0.9379498050299652,0.9297584465206354
1075,9,76422,76422,71678,4744,743,70935,6257417,0.9379236345554945,0.9282013032896287
1075,10,76422,76422,71676,4746,602,71074,7816064,0.9378974640810238,0.9300201512653424
1075,11,76422,76422,71675,4747,609,71066,6801258,0.9378843788437884,0.9299154693674596
1077,1,76422,76422,73116,3306,5414,67702,1619118,0.9567402056999293,0.8858967313077386
1077,2,76422,76422,73329,3093,4334,68995,1757078,0.9595273612310591,0.9028159430530476
1077,3,76422,76422,73688,2734,18,73670,7683337,0.9642249613985502,0.9639894271283138
1077,4,76422,76422,73685,2737,20,73665,3982451,0.9641857056868441,0.963924000942137
1077,5,76422,76422,73681,2741,1531,72150,3686864,0.9641333647379027,0.9440998665305802
1077,6,76422,76422,73685,2737,137,73548,3841311,0.9641857056868441,0.962393028185601
1077,7,76422,76422,73393,3029,149,73244,5981188,0.9603648164141216,0.9584151160660542
1077,8,76422,76422,73685,2737,2808,70877,5612058,0.9641857056868441,0.9274423595299783
1078,1,76422,76422,60514,15908,850,59664,3022115,0.7918400460600351,0.7807175944099867
1078,2,76422,76422,22855,53567,172,22683,1504463,0.29906309701394884,0.29681243620946846
1078,3,76422,76422,18781,57641,228,18553,1159313,0.24575384051712856,0.24277040642746853
1078,4,76422,76422,67304,9118,725,66579,5813554,0.8806888068880688,0.8712020098924393
1078,5,76422,76422,75277,1145,67,75210,7756490,0.985017403365523,0.9841406924707545
1078,6,76422,76422,75092,1330,81,75011,4290001,0.9825966344769831,0.9815367302609196
1078,7,76422,76422,75578,844,168,75410,4081579,0.9889560597733636,0.9867577399178247
1078,8,76422,76422,75588,834,516,75072,4765322,0.9890869121457172,0.9823349297322761
1079,1,76422,76422,75806,616,183,75623,3887989,0.9919394938630237,0.9895448954489545
1079,2,76422,76422,75758,664,654,75104,2566732,0.9913114024757269,0.9827536573238073
1079,3,76422,76422,49490,26932,303,49187,3481800,0.6475883907775248,0.6436235638952135
1079,4,76422,76422,64095,12327,392,63703,4703063,0.8386982805998273,0.8335688676035696
1079,5,76422,76422,76005,417,2248,73757,5930151,0.9945434560728587,0.9651278427677894
1079,6,76422,76422,76031,391,30,76001,7657935,0.9948836722409777,0.9944911151239172
1079,7,76422,76422,76029,393,131,75898,5004784,0.994857501766507,0.9931433356886761
1080,1,76422,76422,63328,13094,4726,58602,1643207,0.828661903640313,0.7668210724660438
1080,2,76422,76422,63035,13387,539,62496,2076730,0.8248279291303552,0.8177749862605009
1080,3,76422,76422,63916,12506,857,63059,2122454,0.8363560231346995,0.8251419748240035
1080,4,76422,76422,63931,12491,891,63040,3253195,0.8365523016932297,0.8248933553165319
1080,5,76422,76422,63942,12480,56,63886,7652145,0.8366962393028186,0.8359634660176389
1080,6,76422,76422,63952,12470,63952,0,0,0.8368270916751721,0.0
1080,7,76422,76422,63954,12468,63954,0,0,0.8368532621496427,0.0
1080,8,76422,76422,63952,12470,3145,60807,7926889,0.8368270916751721,0.7956740205699929
1080,9,76422,76422,63951,12471,3140,60811,6884528,0.8368140064379367,0.7957263615189344
1080,10,76422,76422,63950,12472,589,63361,3048335,0.8368009212007014,0.8290937164690796
1080,11,76422,76422,63949,12473,10605,53344,1927933,0.8367878359634661,0.6980188950825679
1081,1,76422,76422,71927,4495,3899,68028,2508281,0.9411818586270969,0.890162518646463
1081,2,76422,76422,72144,4278,82,72062,4292687,0.9440213551071681,0.9429483656538693
1081,3,76422,76422,72143,4279,206,71937,4072484,0.9440082698699327,0.9413127109994505
1081,4,76422,76422,72074,4348,2549,69525,1250291,0.9431053885006935,0.9097511187877836
1081,5,76422,76422,72138,4284,394,71744,1661145,0.943942843683756,0.9387872602130276
1081,6,76422,76422,60702,15720,1453,59249,1235808,0.7943000706602811,0.775287220957316
1081,7,76422,76422,70774,5648,2151,68623,2701749,0.9260945800947371,0.897948234801497
1081,8,76422,76422,72054,4368,296,71758,4474275,0.9428436837559865,0.9389704535343226
1081,9,76422,76422,72052,4370,13747,58305,3755765,0.9428175132815158,0.7629347570071445
1081,10,76422,76422,72136,4286,2850,69286,1983111,0.9439166732092853,0.9066237470885348
1081,11,76422,76422,72136,4286,332,71804,2557959,0.9439166732092853,0.9395723744471487
1081,12,76422,76422,72137,4285,43490,28647,887434,0.9439297584465206,0.3748527910811023
1082,1,76422,76422,75229,1193,938,74291,3950077,0.9843893119782262,0.9721153594514669
1082,2,76422,76422,75677,745,183,75494,4062855,0.9902514982596634,0.9878568998455942
1082,3,76422,76422,75680,742,483,75197,4051938,0.9902907539713695,0.9839705843866949
1082,4,76422,76422,75545,877,429,75116,4478089,0.9885242469445971,0.9829106801706315
1082,5,76422,76422,75838,584,1150,74688,3654047,0.992358221454555,0.9773101986339012
1082,6,76422,76422,75850,572,515,75335,3061410,0.9925152443013792,0.9857763471251734
1082,7,76422,76422,75861,561,203,75658,3419472,0.992659181910968,0.9900028787521917
1082,8,76422,76422,75863,559,524,75339,3233910,0.9926853523854388,0.9858286880741148
1082,9,76422,76422,75862,560,689,75173,3242122,0.9926722671482034,0.9836565386930465
1082,10,76422,76422,75861,561,2941,72920,2497184,0.992659181910968,0.9541754992018006
1083,1,76422,76422,23574,52848,68,23506,1681332,0.3084713825861663,0.3075815864541624
1083,2,76422,76422,23559,52863,24,23535,1960697,0.308275104027636,0.30796105833398757
1083,3,76422,76422,23563,52859,30,23533,2001714,0.30832744497657744,0.3079348878595169
1083,4,76422,76422,30836,45586,76,30760,2477552,0.4034963753892858,0.4025018973593991
1083,5,76422,76422,30805,45617,78,30727,2107388,0.40309073303498993,0.40207008453063253
1083,6,76422,76422,17595,58827,96,17499,1893539,0.2302347491560022,0.22897856638140848
1083,7,76422,76422,26549,49873,316,26233,2052469,0.3473999633613357,0.3432650283949648
1083,8,76422,76422,31376,45046,761,30615,2805502,0.4105624034963754,0.40060453796027323
1083,9,76422,76422,31374,45048,755,30619,3117725,0.4105362330219047,0.40065687890921464
1083,10,76422,76422,31374,45048,608,30766,5484174,0.4105362330219047,0.4025804087828112
1083,11,76422,76422,31376,45046,654,30722,4666514,0.4105624034963754,0.4020046583444558
1084,1,76422,76422,70687,5735,3437,67250,1390712,0.9249561644552615,0.8799822040773599
1084,2,76422,76422,70507,5915,4656,65851,1336749,0.9226008217528984,0.8616759571851038
1084,3,76422,76422,70713,5709,508,70205,4714135,0.9252963806233807,0.9186490801078223
1084,4,76422,76422,70744,5678,78,70666,5518411,0.9257020229776766,0.9246813744733192
1084,5,76422,76422,70798,5624,28,70770,3480628,0.9264086257883856,0.9260422391457958
1084,6,76422,76422,63672,12750,11054,52618,340013,0.8331632252492738,0.688519012849703
1084,7,76422,76422,324,76098,315,9,16,0.004239616864253749,0.00011776713511815969
1084,8,76422,76422,70987,5435,1254,69733,1960736,0.9288817356258668,0.9124728481327367
1084,9,76422,76422,70987,5435,393,70594,2560274,0.9288817356258668,0.923739237392374
1084,10,76422,76422,70988,5434,906,70082,2504227,0.9288948208631023,0.9170395959278742
1084,11,76422,76422,70988,5434,1230,69758,3976711,0.9288948208631023,0.9127999790636204
1084,12,76422,76422,70987,5435,12809,58178,4027517,0.9288817356258668,0.761272931878255
1084,13,76422,76422,70985,5437,612,70373,2604211,0.9288555651513962,0.9208473999633613
1084,14,76422,76422,70982,5440,337,70645,4375155,0.9288163094396902,0.9244065844913768
1084,15,76422,72874,67443,5431,15707,51736,355064,0.9254741059911629,0.7099377006888602
1085,1,76422,76422,42488,33934,2447,40041,919392,0.5559655596555966,0.5239459841406925
1085,2,76422,76422,42406,34016,178,42228,1699962,0.5548925702022978,0.5525633979744052
1085,3,76422,76422,42879,33543,42879,0,0,0.5610818874146188,0.0
1085,4,76422,76422,42820,33602,70,42750,2505685,0.5603098584177331,0.5593938918112585
1085,5,76422,76422,42824,33598,30,42794,2411533,0.5603621993666745,0.559969642249614
1085,6,76422,76422,42822,33600,41,42781,2166749,0.5603360288922038,0.5597995341655544
1085,7,76422,76422,38509,37913,7375,31134,178412,0.5038994006961346,0.40739577608542044
1085,8,76422,76422,42879,33543,125,42754,2021486,0.5610818874146188,0.5594462327601999
1085,9,76422,76422,42879,33543,98,42781,1720772,0.5610818874146188,0.5597995341655544
1085,10,76422,76422,42879,33543,114,42765,2322085,0.5610818874146188,0.5595901703697888
1085,11,76422,76422,42878,33544,111,42767,2164461,0.5610688021773835,0.5596163408442595
1085,12,76422,76422,42877,33545,11754,31123,187272,0.5610557169401481,0.4072518384758316
1085,13,76422,76422,42877,33545,95,42782,1989022,0.5610557169401481,0.5598126194027898
1085,14,76422,76422,42877,33545,42877,0,0,0.5610557169401481,0.0
1086,1,76422,76422,71139,5283,2602,68537,2680628,0.9308706916856403,0.8968229043992567
1086,2,76422,76422,71215,5207,181,71034,3336757,0.9318651697155269,0.9294967417759284
1086,3,76422,76422,71212,5210,386,70826,3030692,0.9318259140038209,0.9267750124309754
1086,4,76422,76422,71163,5259,1581,69582,2913529,0.9311847373792886,0.9104969773101986
1086,5,76422,76422,71175,5247,310,70865,3315775,0.9313417602261129,0.927285336683154
1086,6,76422,76422,71205,5217,127,71078,4035807,0.9317343173431735,0.9300724922142839
1086,7,76422,76422,71207,5215,82,71125,4698732,0.9317604878176441,0.9306874983643454
1086,8,76422,76422,71202,5220,398,70804,4184428,0.9316950616314674,0.9264871372117977
1086,9,76422,76422,71200,5222,643,70557,2465616,0.9316688911569967,0.9232550836146659
1086,10,76422,76422,71189,5233,172,71017,3545763,0.9315249535474078,0.9292742927429274
1088,1,76422,76422,38830,37592,12,38818,3152277,0.5080997618486823,0.5079427390018582
1088,2,76422,76422,38825,37597,8,38817,3285120,0.5080343356625056,0.5079296537646227
1088,3,76422,76422,38817,37605,49,38768,2932037,0.5079296537646227,0.5072884771400905
1088,4,76422,76422,38578,37844,601,37977,1982164,0.5048022820653738,0.49693805448692785
1088,5,76422,76422,38810,37612,88,38722,4069141,0.5078380571039753,0.5066865562272644
1088,6,76422,76422,38811,37611,56,38755,4819842,0.5078511423412106,0.507118369056031
1088,7,76422,76422,38810,37612,63,38747,4394199,0.5078380571039753,0.5070136871581482
1088,8,76422,76422,38809,37613,5996,32813,314333,0.5078249718667399,0.4293658894035749
1090,1,76422,76422,74308,2114,95,74213,4953792,0.9723378084844678,0.9710947109471094
1090,2,76422,76422,74307,2115,239,74068,4605570,0.9723247232472325,0.9691973515479836
1090,3,76422,76422,73701,2721,6383,67318,2224082,0.9643950694826097,0.8808720002093638
1090,4,76422,76422,74228,2194,663,73565,2563964,0.9712909895056397,0.962615477218602
1090,5,76422,76422,74305,2117,603,73702,3115154,0.9722985527727618,0.9644081547198451
1090,6,76422,76422,74310,2112,82,74228,4932478,0.9723639789589386,0.9712909895056397
1090,7,76422,76422,74300,2122,283,74017,4902232,0.972233126586585,0.9685300044489806
1090,8,76422,76422,74306,2116,8297,66009,2442233,0.9723116380099971,0.8637434246682892
1090,9,76422,76422,74306,2116,11824,62482,1014816,0.9723116380099971,0.817591792939206
1090,10,76422,76422,74303,2119,5489,68814,2193439,0.972272382298291,0.900447515113449
1092,1,76422,76422,48803,27619,1039,47764,2311712,0.6385988327968386,0.6250032713093089
1092,2,76422,76422,48806,27616,11,48795,2482499,0.6386380885085446,0.6384941508989558
1092,3,76422,76422,48804,27618,38,48766,2399906,0.6386119180340739,0.6381146790191307
1092,4,76422,76422,48758,27664,1428,47330,1987502,0.6380099971212478,0.6193242783491665
1092,5,76422,76422,48151,28271,30,48121,2528328,0.6300672581193897,0.6296747010023291
1092,6,76422,76422,48593,27829,322,48271,2182143,0.6358509329774149,0.6316374865876319
1092,7,76422,76422,48594,27828,339,48255,2019443,0.6358640182146502,0.6314281227918662
1092,8,76422,76422,48801,27621,326,48475,2710503,0.6385726623223679,0.6343068749836435
1092,9,76422,76422,48801,27621,117,48684,3818636,0.6385726623223679,0.6370416895658318
1092,10,76422,76422,48801,27621,15,48786,5592286,0.6385726623223679,0.6383763837638377
1092,11,76422,76422,48801,27621,590,48211,1762479,0.6385726623223679,0.6308523723535108
1092,12,76422,76422,48800,27622,235,48565,1878403,0.6385595770851326,0.6354845463348251
1092,13,76422,76422,48800,27622,624,48176,1937501,0.6385595770851326,0.6303943890502735
1092,14,76422,76422,48800,27622,2104,46696,1774515,0.6385595770851326,0.6110282379419539
1093,1,76422,76422,55094,21328,1216,53878,3278350,0.7209180602444323,0.7050064117662453
1093,2,76422,76422,61830,14592,113,61717,3941229,0.8090602182617571,0.8075815864541624
1093,3,76422,76422,60944,15478,349,60595,2905426,0.797466698071236,0.7928999502760985
1093,4,76422,76422,71501,4921,2243,69258,3340279,0.9356075475648373,0.9062573604459448
1093,5,76422,76422,72518,3904,111,72407,5098142,0.9489152338331894,0.9474627725000654
1093,6,76422,76422,70053,6369,1852,68201,3702888,0.916660124048049,0.8924262646881788
1093,7,76422,76422,69029,7393,921,68108,2990967,0.9032608411190495,0.8912093376252912
1093,8,76422,76422,72635,3787,528,72107,3624211,0.9504462065897255,0.9435372013294601
1093,9,76422,76422,70428,5994,2778,67650,2864227,0.9215670880113056,0.8852162989715003
1093,10,76422,76422,72346,4076,2682,69664,4088987,0.946664573028709,0.9115699667634974
1093,11,76422,76422,72109,4313,1489,70620,4595496,0.9435633718039308,0.924079453560493
1093,12,76422,76422,72408,4014,506,71902,4616618,0.9474758577373008,0.9408547276962131
1094,1,76422,76422,73219,3203,1188,72031,4750687,0.9580879851351705,0.9425427232995734
1094,2,76422,76422,73120,3302,660,72460,5259930,0.9567925466488707,0.9481562900735391
1094,3,76422,76422,73126,3296,760,72366,5260434,0.9568710580722829,0.946926277773416
1094,4,76422,76422,74212,2210,972,73240,4110763,0.9710816257098741,0.9583627751171129
1094,5,76422,76422,74337,2085,557,73780,5657258,0.9727172803642931,0.9654288032242024
1094,6,76422,76422,74330,2092,623,73707,5261267,0.9726256837036455,0.9644735809060219
1094,7,76422,76422,74346,2076,961,73385,3862409,0.9728350474994112,0.9602601345162388
1094,8,76422,76422,75412,1010,3781,71631,4624042,0.9867839103922954,0.9373086284054329
1094,9,76422,76422,75423,999,3638,71785,4756956,0.9869278480018843,0.939323754939677
1094,10,76422,76422,75411,1011,5931,69480,4396979,0.9867708251550601,0.9091622831121928
1094,11,76422,76422,75410,1012,75410,0,0,0.9867577399178247,0.0
1094,12,76422,76422,75408,1014,75408,0,0,0.986731569443354,0.0
1094,13,76422,76422,75407,1015,75407,0,0,0.9867184842061186,0.0
1094,14,76422,76422,75406,1016,1419,73987,5226010,0.9867053989688833,0.9681374473319201
1094,15,76422,76422,75404,1018,1411,73993,5177943,0.9866792284944126,0.9682159587553323
1094,16,76422,76422,75403,1019,1581,73822,4112932,0.9866661432571773,0.9659783831880872
1095,1,76422,76422,23083,53339,713,22370,1369760,0.3020465311036089,0.2927167569548036
1095,2,76422,76422,23104,53318,60,23044,2034113,0.30232132108555126,0.30153620685143023
1095,3,76422,76422,23100,53322,58,23042,2336115,0.30226898013660985,0.3015100363769595
1095,4,76422,76422,23093,53329,358,22735,660088,0.3021773834759624,0.2974928685457067
1095,5,76422,76422,23087,53335,487,22600,1099548,0.3020988720525503,0.29572636151893433
1095,6,76422,76422,23082,53340,70,23012,1927786,0.30203344586637354,0.30111747925989896
1095,7,76422,76422,23084,53338,58,23026,2069644,0.3020596163408443,0.3013006725811939
1095,8,76422,76422,23075,53347,363,22712,516876,0.3019418492057261,0.29719190808929363
1096,1,3466,3466,3460,6,15,3445,272086,0.9982688978649741,0.9939411425274092
1096,2,3466,3466,3354,112,100,3254,233300,0.9676860934795153,0.9388343912290825
1096,3,3466,3466,3459,7,14,3445,439275,0.9979803808424698,0.9939411425274092
1096,4,3466,3466,3459,7,35,3424,432044,0.9979803808424698,0.9878822850548182
1109,1,76422,76422,74769,1653,4794,69975,2509678,0.9783701028499646,0.9156394755436916
1109,2,76422,76422,75258,1164,178,75080,4537119,0.9847687838580513,0.9824396116301588
1109,3,76422,76422,75218,1204,14,75204,5811482,0.9842453743686373,0.9840621810473424
1109,4,76422,76422,75115,1307,690,74425,5001448,0.9828975949333961,0.9738687812410038
1109,5,76422,76422,75155,1267,794,74361,6973234,0.9834210044228102,0.9730313260579414
1109,6,76422,76422,75176,1246,22,75154,7342087,0.9836957944047525,0.9834079191855748
1109,7,76422,76422,75143,1279,75142,1,26,0.9832639815759859,1.3085237235351077e-05
1109,8,76422,76422,75144,1278,266,74878,4136555,0.9832770668132214,0.9797963937086179
1109,9,76422,76422,75129,1293,75118,11,41,0.983080788254691,0.00014393760958886185
1109,10,76422,76422,75114,1308,8039,67075,1896946,0.9828845096961608,0.8776922875611735
1109,11,76422,76422,75094,1328,75094,0,0,0.9826228049514538,0.0
1109,12,76422,76422,75064,1358,1199,73865,2590331,0.9822302478343933,0.9665410483892073
1112,1,76422,76422,74855,1567,645,74210,5553795,0.9794954332522049,0.9710554552354034
1112,2,76422,76422,74875,1547,21,74854,7991463,0.9797571379969119,0.9794823480149695
1112,3,76422,76422,74874,1548,41,74833,6598826,0.9797440527596766,0.9792075580330272
1112,4,76422,76422,74891,1531,34,74857,10873877,0.9799665017926775,0.9795216037266755
1112,5,76422,76422,74890,1532,42,74848,5461995,0.9799534165554421,0.9794038365915574
1112,6,76422,76422,74866,1556,583,74283,3190024,0.9796393708617938,0.9720106775535841
1112,7,76422,76422,74841,1581,1508,73333,2462268,0.97931223993091,0.9595797021800005
1112,8,76422,76422,74891,1531,3098,71793,2877281,0.9799665017926775,0.9394284368375598
1113,1,76422,76422,73139,3283,222,72917,5165646,0.9570411661563424,0.9541362434900945
1113,2,76422,76422,73171,3251,48,73123,5799141,0.9574598937478737,0.9568318023605767
1113,3,76422,76422,73171,3251,153,73018,5870117,0.9574598937478737,0.9554578524508649
1113,4,76422,76422,76055,367,889,75166,3652891,0.9951977179346262,0.9835649420323991
1113,5,76422,76422,76065,357,127,75938,5462781,0.9953285703069796,0.9936667451780901
1113,6,76422,76422,76023,399,1190,74833,1748416,0.9947789903430949,0.9792075580330272
1113,7,76422,76422,76031,391,814,75217,2354253,0.9948836722409777,0.9842322891314019
1113,8,76422,76422,76063,359,1031,75032,2057518,0.995302399832509,0.981811520242862
1113,9,76422,76422,76060,362,155,75905,6588248,0.9952631441208029,0.9932349323493235
1113,10,76422,76422,76060,362,75,75985,6997886,0.9952631441208029,0.9942817513281516
1115,1,76422,76422,38385,38037,108,38277,2944833,0.5022768312789511,0.5008636256575332
1115,2,76422,76422,38389,38033,54,38335,3412002,0.5023291722278925,0.5016225694171835
1115,3,76422,76422,38389,38033,57,38332,3164554,0.5023291722278925,0.5015833137054775
1115,4,76422,76422,39369,37053,52,39317,4828505,0.5151527047185366,0.5144722723822983
1115,5,76422,76422,39372,37050,47,39325,3188048,0.5151919604302426,0.5145769542801811
1115,6,76422,76422,39371,37051,59,39312,2182821,0.5151788751930072,0.5144068461961215
1115,7,76422,76422,39176,37246,345,38831,1982529,0.5126272539321138,0.5081128470859176
1115,8,76422,76422,39370,37052,489,38881,2182475,0.5151657899557719,0.5087671089476852
1115,9,76422,76422,39370,37052,109,39261,2192031,0.5151657899557719,0.5137394990971186
1116,1,76422,76422,76180,242,1031,75149,5840513,0.996833372589045,0.9833424929993981
1116,2,76422,76422,76223,199,15,76208,6375927,0.9973960377901652,0.9971997592316348
1116,3,76422,76422,76222,200,38,76184,4561001,0.9973829525529297,0.9968857135379865
1116,4,76422,76422,76203,219,916,75287,5533691,0.9971343330454581,0.9851482557378766
1116,5,76422,76422,76224,198,42,76182,5822284,0.9974091230274005,0.9968595430635158
1116,6,76422,76422,76221,201,196,76025,4963976,0.9973698673156944,0.9948051608175656
1116,7,76422,76422,76207,215,691,75516,3807392,0.9971866739943995,0.9881447750647719
1116,8,76422,76422,76226,196,64,76162,4568094,0.9974352935018712,0.9965978383188088
1116,9,76422,76422,76226,196,899,75327,4138406,0.9974352935018712,0.9856716652272905
1116,10,76422,76422,76226,196,158,76068,5707695,0.9974352935018712,0.9953678260186857
1116,11,76422,76422,76226,196,14,76212,5379057,0.9974352935018712,0.9972521001805763
1116,12,76422,76422,76224,198,532,75692,4246962,0.9974091230274005,0.9904477768181937
1117,1,76422,76422,76366,56,243,76123,3321127,0.9992672267148204,0.99608751406663
1117,2,76422,76422,76346,76,626,75720,3240592,0.9990055219701133,0.9908141634607835
1117,3,76422,76422,76357,65,267,76090,5092127,0.9991494595797021,0.9956557012378634
1117,4,76422,76422,76367,55,242,76125,4858038,0.9992803119520557,0.9961136845411007
1117,5,76422,76422,76365,57,226,76139,9131610,0.999254141477585,0.9962968778623956
1117,6,76422,76422,76362,60,265,76097,7651057,0.9992148857658789,0.9957472978985109
1119,1,76422,76422,39048,37374,55,38993,5542843,0.5109523435659888,0.5102326555180445
1119,2,76422,76422,39037,37385,63,38974,4935060,0.5108084059564,0.5099840360105728
1119,3,76422,76422,38663,37759,1020,37643,1268078,0.5059145272303787,0.49256758525032057
1119,4,76422,76422,39044,37378,118,38926,1698153,0.5109000026170475,0.509355944623276
1119,5,76422,76422,39010,37412,311,38699,1669645,0.5104551045510455,0.5063855957708513
1119,6,76422,76422,38745,37677,1897,36848,1364624,0.5069875166836775,0.4821648216482165
1119,7,76422,76422,38837,37585,96,38741,2275162,0.5081913585093297,0.5069351757347361
1119,8,76422,76422,39046,37376,673,38373,2161253,0.5109261730915181,0.5021198084321269
1501,1,76422,76422,73495,2927,1836,71659,1504482,0.9616995106121274,0.9376750150480229
1501,2,76422,76422,73502,2920,1697,71805,1661242,0.9617911072727748,0.9395854596843841
1501,3,76422,76422,73516,2906,374,73142,4092879,0.9619743005940697,0.9570804218680484
1501,4,76422,76422,73514,2908,217,73297,6579692,0.9619481301195991,0.9591086336395279
1501,5,76422,76422,73514,2908,217,73297,6376897,0.9619481301195991,0.9591086336395279
1501,6,76422,76422,72588,3834,6904,65684,1834112,0.949831200439664,0.8594907225668001
1501,7,76422,76422,73506,2916,296,73210,2334474,0.9618434482217163,0.9579702180000523
1501,8,76422,76422,73508,2914,299,73209,4916754,0.9618696186961869,0.957957132762817
1501,9,76422,76422,73504,2918,379,73125,6250584,0.9618172777472456,0.9568579728350475
1501,10,76422,76422,73501,2921,229,73272,5752654,0.9617780220355395,0.9587815027086442
1501,11,76422,76422,73496,2926,13056,60440,1110184,0.9617125958493628,0.7908717385046191
1502,1,76422,76422,37979,38443,1794,36185,815371,0.4969642249613985,0.4734893093611787
1502,2,76422,76422,37968,38454,511,37457,1149079,0.49682028735180966,0.4901337311245453
1502,3,76422,76422,37984,38438,13,37971,2603848,0.4970296511475753,0.49685954306351576
1502,4,76422,76422,36304,40118,407,35897,3094766,0.4750464525921855,0.4697207610373976
1502,5,76422,76422,37978,38444,75,37903,2417040,0.4969511397241632,0.49596974693151186
1502,6,76422,76422,37974,38448,13,37961,4377715,0.4968987987752218,0.4967286906911622
1502,7,76422,76422,37972,38450,7,37965,4899958,0.4968726283007511,0.4967810316401036
1502,8,76422,76422,37971,38451,4100,33871,2412765,0.49685954306351576,0.44321007039857635
1502,9,76422,76422,37966,38456,7526,30440,470325,0.496794116877339,0.3983146214440868
1503,1,76422,76422,46194,30228,2655,43539,1071781,0.6044594488498076,0.5697181439899506
1503,2,76422,76422,46227,30195,190,46037,2643738,0.6048912616785742,0.6024050666038575
1503,3,76422,76422,46226,30196,349,45877,1355845,0.6048781764413389,0.6003114286462014
1503,4,76422,76422,45920,30502,140,45780,2527329,0.6008740938473215,0.5990421606343723
1503,5,76422,76422,45915,30507,106,45809,4307031,0.6008086676611447,0.5994216325141974
1503,6,76422,76422,45271,31151,107,45164,4230703,0.5923817748815786,0.590981654497396
1503,7,76422,76422,45609,30813,4782,40827,624090,0.5968045850671273,0.5342309806076784
1503,8,76422,76422,46222,30200,107,46115,6846996,0.6048258354923974,0.603425715108215
1503,9,76422,76422,46222,30200,395,45827,5741486,0.6048258354923974,0.5996571667844338
1503,10,76422,76422,46221,30201,2117,44104,3328651,0.6048127502551621,0.5771113030279239
1503,11,76422,76422,46219,30203,6283,39936,903934,0.6047865797806914,0.5225720342309806
1504,1,76422,76422,73865,2557,4525,69340,1221117,0.9665410483892073,0.9073303498992437
1504,2,76422,76422,73889,2533,2387,71502,1487669,0.9668550940828557,0.9356206328020727
1504,3,76422,76422,73918,2504,85,73833,4075121,0.9672345659626809,0.966122320797676
1504,4,76422,76422,65730,10692,1008,64722,5317082,0.8600926434796263,0.8469027243463924
1504,5,76422,76422,74163,2259,34,74129,5649667,0.9704404490853419,0.96999555101934
1504,6,76422,76422,68684,7738,5173,63511,1551614,0.8987464342728534,0.8310565020543822
1504,7,76422,76422,73590,2832,7092,66498,783779,0.9629426081494857,0.870142105676376
1504,8,76422,76422,74463,1959,2370,72093,1106480,0.9743660202559472,0.9433540080081652
1504,9,76422,76422,74462,1960,3234,71228,1012699,0.9743529350187119,0.9320352777995865
1504,10,76422,76422,74460,1962,388,74072,5843811,0.9743267645442412,0.9692496924969249
1504,11,76422,76422,74460,1962,326,74134,7349379,0.9743267645442412,0.9700609772055168
1504,12,76422,76422,74459,1963,338,74121,6628601,0.9743136793070059,0.9698908691214572
